Hex,レジ番号,所属国,時刻,現在緯度,現在経度,出発予測緯度,出発予測経度,到着予測緯度,到着予測経度
c2c363,330002,カナダ,2026-07-29 22:42:50,50.0401,4.9762,50.0401,4.9762,50.0401,4.9762
600806,4K-AI06,アゼルバイジャン,2026-07-29 22:42:50,41.0817,19.3211,41.0817,19.3211,41.0817,19.3211
354556,T.22-2,スペイン,2026-07-29 22:42:50,40.1772,-3.1825,40.1772,-3.1825,40.1772,-3.1825
48d982,0111,ポーランド,2026-07-29 22:42:50,51.6458,21.4594,51.6458,21.4594,51.6458,21.4594
e483ba,FAB2590,ブラジル,2026-07-29 22:42:50,-4.1178,-38.9191,-4.1178,-38.9191,-4.1178,-38.9191
c2c363,330002,カナダ,2026-07-29 22:43:56,49.9657,4.7977,50.0401,4.9762,49.9657,4.7977
600806,4K-AI06,アゼルバイジャン,2026-07-29 22:43:56,41.079,19.1193,41.0817,19.3211,41.079,19.1193
354556,T.22-2,スペイン,2026-07-29 22:43:56,40.1208,-2.9917,40.1772,-3.1825,40.1208,-2.9917
48d982,0111,ポーランド,2026-07-29 22:43:56,51.5932,21.6338,51.6458,21.4594,51.5932,21.6338
e483ba,FAB2590,ブラジル,2026-07-29 22:43:56,-4.1633,-39.0302,-4.1178,-38.9191,-4.1633,-39.0302
c2c363,330002,カナダ,2026-07-29 22:45:03,49.8789,4.6278,50.0401,4.9762,49.8789,4.6278
600806,4K-AI06,アゼルバイジャン,2026-07-29 22:45:03,41.0761,18.9163,41.0817,19.3211,41.0761,18.9163
354556,T.22-2,スペイン,2026-07-29 22:45:03,40.0586,-2.8032,40.1772,-3.1825,40.0586,-2.8032
48d982,0111,ポーランド,2026-07-29 22:45:03,51.5394,21.8103,51.6458,21.4594,51.5394,21.8103
e483ba,FAB2590,ブラジル,2026-07-29 22:45:03,-4.2101,-39.1444,-4.1178,-38.9191,-4.2101,-39.1444
c2c363,330002,カナダ,2026-07-29 22:46:08,49.7981,4.4706,50.0401,4.9762,49.7981,4.4706
600806,4K-AI06,アゼルバイジャン,2026-07-29 22:46:08,41.0796,18.721,41.0817,19.3211,41.0796,18.721
354556,T.22-2,スペイン,2026-07-29 22:46:08,40.0003,-2.6276,40.1772,-3.1825,40.0003,-2.6276
48d982,0111,ポーランド,2026-07-29 22:46:08,51.4914,21.9708,51.6458,21.4594,51.4914,21.9708
e483ba,FAB2590,ブラジル,2026-07-29 22:46:08,-4.2537,-39.2508,-4.1178,-38.9191,-4.2537,-39.2508
c2c363,330002,カナダ,2026-07-29 22:47:16,49.7165,4.3132,50.0401,4.9762,49.7165,4.3132
600806,4K-AI06,アゼルバイジャン,2026-07-29 22:47:16,41.0839,18.5328,41.0817,19.3211,41.0839,18.5328
354556,T.22-2,スペイン,2026-07-29 22:47:16,39.9419,-2.4515,40.1772,-3.1825,39.9419,-2.4515
48d982,0111,ポーランド,2026-07-29 22:47:16,51.4449,22.1196,51.6458,21.4594,51.4449,22.1196
e483ba,FAB2590,ブラジル,2026-07-29 22:47:16,-4.2987,-39.3606,-4.1178,-38.9191,-4.2987,-39.3606
800c01,K7066,インド,2026-07-29 22:47:16,22.0741,83.8629,22.0741,83.8629,22.0741,83.8629
c2c363,330002,カナダ,2026-07-29 22:48:21,49.639,4.1645,50.0401,4.9762,49.639,4.1645
600806,4K-AI06,アゼルバイジャン,2026-07-29 22:48:21,41.0879,18.3496,41.0817,19.3211,41.0879,18.3496
354556,T.22-2,スペイン,2026-07-29 22:48:21,39.8863,-2.2864,40.1772,-3.1825,39.8863,-2.2864
48d982,0111,ポーランド,2026-07-29 22:48:21,51.404,22.249,51.6458,21.4594,51.404,22.249
e483ba,FAB2590,ブラジル,2026-07-29 22:48:21,-4.3443,-39.4721,-4.1178,-38.9191,-4.3443,-39.4721
800c01,K7066,インド,2026-07-29 22:48:21,22.1586,83.9616,22.0741,83.8629,22.1586,83.9616
c2c363,330002,カナダ,2026-07-29 22:49:27,49.5492,3.9932,50.0401,4.9762,49.5492,3.9932
600806,4K-AI06,アゼルバイジャン,2026-07-29 22:49:27,41.0925,18.1429,41.0817,19.3211,41.0925,18.1429
354556,T.22-2,スペイン,2026-07-29 22:49:27,39.822,-2.095,40.1772,-3.1825,39.822,-2.095
48d982,0111,ポーランド,2026-07-29 22:49:27,51.3594,22.3927,51.6458,21.4594,51.3594,22.3927
e483ba,FAB2590,ブラジル,2026-07-29 22:49:27,-4.4309,-39.5799,-4.1178,-38.9191,-4.4309,-39.5799
800c01,K7066,インド,2026-07-29 22:49:27,22.2553,84.075,22.0741,83.8629,22.2553,84.075
c2c363,330002,カナダ,2026-07-29 22:50:34,49.4763,3.855,50.0401,4.9762,49.4763,3.855
600806,4K-AI06,アゼルバイジャン,2026-07-29 22:50:34,41.0956,17.9705,41.0817,19.3211,41.0956,17.9705
354556,T.22-2,スペイン,2026-07-29 22:50:34,39.7698,-1.9411,40.1772,-3.1825,39.7698,-1.9411
48d982,0111,ポーランド,2026-07-29 22:50:34,51.3236,22.5095,51.6458,21.4594,51.3236,22.5095
e483ba,FAB2590,ブラジル,2026-07-29 22:50:34,-4.5253,-39.6492,-4.1178,-38.9191,-4.5253,-39.6492
800c01,K7066,インド,2026-07-29 22:50:34,22.2701,84.0925,22.0741,83.8629,22.2701,84.0925
c2c363,330002,カナダ,2026-07-29 22:51:39,49.3837,3.6817,50.0401,4.9762,49.3837,3.6817
600806,4K-AI06,アゼルバイジャン,2026-07-29 22:51:39,41.0992,17.7581,41.0817,19.3211,41.0992,17.7581
354556,T.22-2,スペイン,2026-07-29 22:51:39,39.7048,-1.7513,40.1772,-3.1825,39.7048,-1.7513
48d982,0111,ポーランド,2026-07-29 22:51:39,51.3152,22.6547,51.6458,21.4594,51.3152,22.6547
e483ba,FAB2590,ブラジル,2026-07-29 22:51:39,-4.6443,-39.737,-4.1178,-38.9191,-4.6443,-39.737
800c01,K7066,インド,2026-07-29 22:51:39,22.4294,84.2797,22.0741,83.8629,22.4294,84.2797
c2c363,330002,カナダ,2026-07-29 22:52:45,49.29,3.5557,50.0401,4.9762,49.29,3.5557
600806,4K-AI06,アゼルバイジャン,2026-07-29 22:52:45,41.1019,17.5784,41.0817,19.3211,41.1019,17.5784
354556,T.22-2,スペイン,2026-07-29 22:52:45,39.6487,-1.5882,40.1772,-3.1825,39.6487,-1.5882
48d982,0111,ポーランド,2026-07-29 22:52:45,51.3253,22.7653,51.6458,21.4594,51.3253,22.7653
e483ba,FAB2590,ブラジル,2026-07-29 22:52:45,-4.748,-39.8137,-4.1178,-38.9191,-4.748,-39.8137
800c01,K7066,インド,2026-07-29 22:52:45,22.492,84.3537,22.0741,83.8629,22.492,84.3537
c2c363,330002,カナダ,2026-07-29 22:53:51,49.1868,3.4251,50.0401,4.9762,49.1868,3.4251
600806,4K-AI06,アゼルバイジャン,2026-07-29 22:53:51,41.1047,17.3807,41.0817,19.3211,41.1047,17.3807
354556,T.22-2,スペイン,2026-07-29 22:53:51,39.5885,-1.4142,40.1772,-3.1825,39.5885,-1.4142
48d982,0111,ポーランド,2026-07-29 22:53:51,51.3356,22.8844,51.6458,21.4594,51.3356,22.8844
e483ba,FAB2590,ブラジル,2026-07-29 22:53:51,-4.8549,-39.8927,-4.1178,-38.9191,-4.8549,-39.8927
800c01,K7066,インド,2026-07-29 22:53:51,22.5291,84.3975,22.0741,83.8629,22.5291,84.3975
c2c363,330002,カナダ,2026-07-29 22:54:57,49.0792,3.2897,50.0401,4.9762,49.0792,3.2897
600806,4K-AI06,アゼルバイジャン,2026-07-29 22:54:57,41.1072,17.1791,41.0817,19.3211,41.1072,17.1791
354556,T.22-2,スペイン,2026-07-29 22:54:57,39.5258,-1.2333,40.1772,-3.1825,39.5258,-1.2333
48d982,0111,ポーランド,2026-07-29 22:54:57,51.2871,22.9404,51.6458,21.4594,51.2871,22.9404
e483ba,FAB2590,ブラジル,2026-07-29 22:54:57,-4.9606,-39.9707,-4.1178,-38.9191,-4.9606,-39.9707
800c01,K7066,インド,2026-07-29 22:54:57,22.5291,84.3975,22.0741,83.8629,22.5291,84.3975
c2c363,330002,カナダ,2026-07-29 22:56:04,48.9738,3.1722,50.0401,4.9762,48.9738,3.1722
600806,4K-AI06,アゼルバイジャン,2026-07-29 22:56:04,41.1095,16.9859,41.0817,19.3211,41.1095,16.9859
354556,T.22-2,スペイン,2026-07-29 22:56:04,39.4673,-1.0663,40.1772,-3.1825,39.4673,-1.0663
48d982,0111,ポーランド,2026-07-29 22:56:04,51.2633,22.8759,51.6458,21.4594,51.2633,22.8759
e483ba,FAB2590,ブラジル,2026-07-29 22:56:04,-5.0603,-40.0445,-4.1178,-38.9191,-5.0603,-40.0445
800c01,K7066,インド,2026-07-29 22:56:04,22.5291,84.3975,22.0741,83.8629,22.5291,84.3975
c2c363,330002,カナダ,2026-07-29 22:57:09,48.845,3.0733,50.0401,4.9762,48.845,3.0733
600806,4K-AI06,アゼルバイジャン,2026-07-29 22:57:09,41.1114,16.7799,41.0817,19.3211,41.1114,16.7799
354556,T.22-2,スペイン,2026-07-29 22:57:09,39.4025,-0.8825,40.1772,-3.1825,39.4025,-0.8825
48d982,0111,ポーランド,2026-07-29 22:57:09,51.2601,22.8527,51.6458,21.4594,51.2601,22.8527
e483ba,FAB2590,ブラジル,2026-07-29 22:57:09,-5.0861,-40.0636,-4.1178,-38.9191,-5.0861,-40.0636
800c01,K7066,インド,2026-07-29 22:57:09,22.5291,84.3975,22.0741,83.8629,22.5291,84.3975
c2c363,330002,カナダ,2026-07-29 22:58:13,48.7255,2.9823,50.0401,4.9762,48.7255,2.9823
600806,4K-AI06,アゼルバイジャン,2026-07-29 22:58:13,41.1131,16.5881,41.0817,19.3211,41.1131,16.5881
354556,T.22-2,スペイン,2026-07-29 22:58:13,39.3431,-0.7147,40.1772,-3.1825,39.3431,-0.7147
48d982,0111,ポーランド,2026-07-29 22:58:13,51.2601,22.8527,51.6458,21.4594,51.2601,22.8527
e483ba,FAB2590,ブラジル,2026-07-29 22:58:13,-5.0861,-40.0636,-4.1178,-38.9191,-5.0861,-40.0636
c2c363,330002,カナダ,2026-07-29 22:59:19,48.6078,2.8934,50.0401,4.9762,48.6078,2.8934
600806,4K-AI06,アゼルバイジャン,2026-07-29 22:59:19,41.1138,16.401,41.0817,19.3211,41.1138,16.401
354556,T.22-2,スペイン,2026-07-29 22:59:19,39.29,-0.5454,40.1772,-3.1825,39.29,-0.5454
48d982,0111,ポーランド,2026-07-29 22:59:19,51.2601,22.8527,51.6458,21.4594,51.2601,22.8527
e483ba,FAB2590,ブラジル,2026-07-29 22:59:19,-5.0861,-40.0636,-4.1178,-38.9191,-5.0861,-40.0636
c2c363,330002,カナダ,2026-07-29 23:00:23,48.4926,2.8097,50.0401,4.9762,48.4926,2.8097
600806,4K-AI06,アゼルバイジャン,2026-07-29 23:00:23,41.1146,16.2184,41.0817,19.3211,41.1146,16.2184
354556,T.22-2,スペイン,2026-07-29 23:00:23,39.292,-0.3692,40.1772,-3.1825,39.292,-0.3692
48d982,0111,ポーランド,2026-07-29 23:00:23,51.2601,22.8527,51.6458,21.4594,51.2601,22.8527
e483ba,FAB2590,ブラジル,2026-07-29 23:00:23,-5.0861,-40.0636,-4.1178,-38.9191,-5.0861,-40.0636
c2c363,330002,カナダ,2026-07-29 23:01:28,48.3672,2.7281,50.0401,4.9762,48.3672,2.7281
600806,4K-AI06,アゼルバイジャン,2026-07-29 23:01:28,41.1148,16.0228,41.0817,19.3211,41.1148,16.0228
354556,T.22-2,スペイン,2026-07-29 23:01:28,39.302,-0.1786,40.1772,-3.1825,39.302,-0.1786
48d982,0111,ポーランド,2026-07-29 23:01:28,51.2601,22.8527,51.6458,21.4594,51.2601,22.8527
e483ba,FAB2590,ブラジル,2026-07-29 23:01:28,-5.4903,-40.3311,-4.1178,-38.9191,-5.4903,-40.3311
c2c363,330002,カナダ,2026-07-29 23:02:34,48.2639,2.6816,50.0401,4.9762,48.2639,2.6816
600806,4K-AI06,アゼルバイジャン,2026-07-29 23:02:34,41.1149,15.8772,41.0817,19.3211,41.1149,15.8772
354556,T.22-2,スペイン,2026-07-29 23:02:34,39.3094,-0.0311,40.1772,-3.1825,39.3094,-0.0311
e483ba,FAB2590,ブラジル,2026-07-29 23:02:34,-5.4903,-40.3311,-4.1178,-38.9191,-5.4903,-40.3311
c2c363,330002,カナダ,2026-07-29 23:03:41,48.1303,2.6161,50.0401,4.9762,48.1303,2.6161
600806,4K-AI06,アゼルバイジャン,2026-07-29 23:03:41,41.1151,15.673,41.0817,19.3211,41.1151,15.673
354556,T.22-2,スペイン,2026-07-29 23:03:41,39.319,0.1624,40.1772,-3.1825,39.319,0.1624
e483ba,FAB2590,ブラジル,2026-07-29 23:03:41,-5.4903,-40.3311,-4.1178,-38.9191,-5.4903,-40.3311
c2c363,330002,カナダ,2026-07-29 23:04:47,47.9789,2.5418,50.0401,4.9762,47.9789,2.5418
600806,4K-AI06,アゼルバイジャン,2026-07-29 23:04:47,41.1147,15.4492,41.0817,19.3211,41.1147,15.4492
354556,T.22-2,スペイン,2026-07-29 23:04:47,39.3292,0.3802,40.1772,-3.1825,39.3292,0.3802
e483ba,FAB2590,ブラジル,2026-07-29 23:04:47,-5.4903,-40.3311,-4.1178,-38.9191,-5.4903,-40.3311
c2c363,330002,カナダ,2026-07-29 23:05:50,47.8572,2.4826,50.0401,4.9762,47.8572,2.4826
600806,4K-AI06,アゼルバイジャン,2026-07-29 23:05:50,41.1141,15.2689,41.0817,19.3211,41.1141,15.2689
354556,T.22-2,スペイン,2026-07-29 23:05:50,39.3369,0.5517,40.1772,-3.1825,39.3369,0.5517
e483ba,FAB2590,ブラジル,2026-07-29 23:05:50,-5.4903,-40.3311,-4.1178,-38.9191,-5.4903,-40.3311
c2c363,330002,カナダ,2026-07-29 23:06:55,47.7223,2.4171,50.0401,4.9762,47.7223,2.4171
600806,4K-AI06,アゼルバイジャン,2026-07-29 23:06:55,41.1129,15.08,41.0817,19.3211,41.1129,15.08
354556,T.22-2,スペイン,2026-07-29 23:06:55,39.3455,0.7474,40.1772,-3.1825,39.3455,0.7474
e483ba,FAB2590,ブラジル,2026-07-29 23:06:55,-5.4903,-40.3311,-4.1178,-38.9191,-5.4903,-40.3311
c2c363,330002,カナダ,2026-07-29 23:08:02,47.6037,2.3598,50.0401,4.9762,47.6037,2.3598
600806,4K-AI06,アゼルバイジャン,2026-07-29 23:08:02,41.1115,14.9024,41.0817,19.3211,41.1115,14.9024
354556,T.22-2,スペイン,2026-07-29 23:08:02,39.3527,0.9174,40.1772,-3.1825,39.3527,0.9174
e483ba,FAB2590,ブラジル,2026-07-29 23:08:02,-5.4903,-40.3311,-4.1178,-38.9191,-5.4903,-40.3311
800c01,K7066,インド,2026-07-29 22:51:17,2026-07-29 22:57:55,Rourkela Airport (RRK / VERK),Rourkela Airport (RRK / VERK)
c2c363,330002,カナダ,2026-07-29 23:09:10,47.4673,2.2944,50.0401,4.9762,47.4673,2.2944
600806,4K-AI06,アゼルバイジャン,2026-07-29 23:09:10,41.1094,14.6924,41.0817,19.3211,41.1094,14.6924
354556,T.22-2,スペイン,2026-07-29 23:09:10,39.3608,1.1145,40.1772,-3.1825,39.3608,1.1145
e483ba,FAB2590,ブラジル,2026-07-29 23:09:10,-5.4903,-40.3311,-4.1178,-38.9191,-5.4903,-40.3311
c2c363,330002,カナダ,2026-07-29 23:10:16,47.3393,2.2333,50.0401,4.9762,47.3393,2.2333
600806,4K-AI06,アゼルバイジャン,2026-07-29 23:10:16,41.1073,14.5026,41.0817,19.3211,41.1073,14.5026
354556,T.22-2,スペイン,2026-07-29 23:10:16,39.3671,1.2883,40.1772,-3.1825,39.3671,1.2883
e483ba,FAB2590,ブラジル,2026-07-29 23:10:16,-5.4903,-40.3311,-4.1178,-38.9191,-5.4903,-40.3311
48d982,0111,ポーランド,2026-07-29 22:51:17,2026-07-29 23:01:07,Lublin Airport (LUZ / EPLB),Lublin Airport (LUZ / EPLB)
c2c363,330002,カナダ,2026-07-29 23:11:22,47.212,2.1728,50.0401,4.9762,47.212,2.1728
600806,4K-AI06,アゼルバイジャン,2026-07-29 23:11:22,41.1053,14.3126,41.0817,19.3211,41.1053,14.3126
354556,T.22-2,スペイン,2026-07-29 23:11:22,39.3763,1.4492,40.1772,-3.1825,39.3763,1.4492
e483ba,FAB2590,ブラジル,2026-07-29 23:11:22,-5.4903,-40.3311,-4.1178,-38.9191,-5.4903,-40.3311
c2c363,330002,カナダ,2026-07-29 23:12:28,47.0714,2.1064,50.0401,4.9762,47.0714,2.1064
600806,4K-AI06,アゼルバイジャン,2026-07-29 23:12:28,41.1026,14.1069,41.0817,19.3211,41.1026,14.1069
354556,T.22-2,スペイン,2026-07-29 23:12:28,39.3985,1.6133,40.1772,-3.1825,39.3985,1.6133
e483ba,FAB2590,ブラジル,2026-07-29 23:12:28,-5.4903,-40.3311,-4.1178,-38.9191,-5.4903,-40.3311
c2c363,330002,カナダ,2026-07-29 23:13:31,46.9504,2.0494,50.0401,4.9762,46.9504,2.0494
600806,4K-AI06,アゼルバイジャン,2026-07-29 23:13:31,41.0999,13.929,41.0817,19.3211,41.0999,13.929
354556,T.22-2,スペイン,2026-07-29 23:13:31,39.4162,1.7504,40.1772,-3.1825,39.4162,1.7504
c2c363,330002,カナダ,2026-07-29 23:14:33,46.8441,1.9997,50.0401,4.9762,46.8441,1.9997
600806,4K-AI06,アゼルバイジャン,2026-07-29 23:14:33,41.0972,13.7725,41.0817,19.3211,41.0972,13.7725
354556,T.22-2,スペイン,2026-07-29 23:14:33,39.4313,1.8645,40.1772,-3.1825,39.4313,1.8645
e483ba,FAB2590,ブラジル,2026-07-29 23:14:33,-6.869,-41.2409,-4.1178,-38.9191,-6.869,-41.2409
c2c363,330002,カナダ,2026-07-29 23:15:47,46.7172,1.9406,50.0401,4.9762,46.7172,1.9406
600806,4K-AI06,アゼルバイジャン,2026-07-29 23:15:47,41.0934,13.5854,41.0817,19.3211,41.0934,13.5854
354556,T.22-2,スペイン,2026-07-29 23:15:47,39.448,1.9954,40.1772,-3.1825,39.448,1.9954
e483ba,FAB2590,ブラジル,2026-07-29 23:15:47,-6.9709,-41.3084,-4.1178,-38.9191,-6.9709,-41.3084
c2c363,330002,カナダ,2026-07-29 23:16:57,46.5535,1.8647,50.0401,4.9762,46.5535,1.8647
600806,4K-AI06,アゼルバイジャン,2026-07-29 23:16:57,41.0884,13.3464,41.0817,19.3211,41.0884,13.3464
354556,T.22-2,スペイン,2026-07-29 23:16:57,39.4834,2.1464,40.1772,-3.1825,39.4834,2.1464
e483ba,FAB2590,ブラジル,2026-07-29 23:16:57,-7.0561,-41.3649,-4.1178,-38.9191,-7.0561,-41.3649
c2c363,330002,カナダ,2026-07-29 23:18:05,46.4,1.7941,50.0401,4.9762,46.4,1.7941
600806,4K-AI06,アゼルバイジャン,2026-07-29 23:18:05,41.0834,13.12,41.0817,19.3211,41.0834,13.12
354556,T.22-2,スペイン,2026-07-29 23:18:05,39.5208,2.2885,40.1772,-3.1825,39.5208,2.2885
e483ba,FAB2590,ブラジル,2026-07-29 23:18:05,-7.0561,-41.3649,-4.1178,-38.9191,-7.0561,-41.3649
c2c363,330002,カナダ,2026-07-29 23:19:09,46.2807,1.7393,50.0401,4.9762,46.2807,1.7393
600806,4K-AI06,アゼルバイジャン,2026-07-29 23:19:09,41.0793,12.9455,41.0817,19.3211,41.0793,12.9455
354556,T.22-2,スペイン,2026-07-29 23:19:09,39.5517,2.396,40.1772,-3.1825,39.5517,2.396
e483ba,FAB2590,ブラジル,2026-07-29 23:19:09,-7.2811,-41.5141,-4.1178,-38.9191,-7.2811,-41.5141
c2c363,330002,カナダ,2026-07-29 23:20:12,46.136,1.6734,50.0401,4.9762,46.136,1.6734
600806,4K-AI06,アゼルバイジャン,2026-07-29 23:20:12,41.0739,12.7305,41.0817,19.3211,41.0739,12.7305
341390,T.18-1,スペイン,2026-07-29 23:20:12,40.4899,-3.4542,40.4899,-3.4542,40.4899,-3.4542
354556,T.22-2,スペイン,2026-07-29 23:20:12,39.6016,2.5149,40.1772,-3.1825,39.6016,2.5149
e483ba,FAB2590,ブラジル,2026-07-29 23:20:12,-7.4535,-41.6285,-4.1178,-38.9191,-7.4535,-41.6285
c2c363,330002,カナダ,2026-07-29 23:21:14,46.0179,1.6199,50.0401,4.9762,46.0179,1.6199
600806,4K-AI06,アゼルバイジャン,2026-07-29 23:21:14,41.0693,12.5592,41.0817,19.3211,41.0693,12.5592
341390,T.18-1,スペイン,2026-07-29 23:21:14,40.474,-3.4191,40.4899,-3.4542,40.474,-3.4191
354556,T.22-2,スペイン,2026-07-29 23:21:14,39.6404,2.6081,40.1772,-3.1825,39.6404,2.6081
e483ba,FAB2590,ブラジル,2026-07-29 23:21:14,-7.5511,-41.6934,-4.1178,-38.9191,-7.5511,-41.6934
c2c363,330002,カナダ,2026-07-29 23:22:17,45.8915,1.5628,50.0401,4.9762,45.8915,1.5628
600806,4K-AI06,アゼルバイジャン,2026-07-29 23:22:17,41.0636,12.3715,41.0817,19.3211,41.0636,12.3715
341390,T.18-1,スペイン,2026-07-29 23:22:17,40.457,-3.3604,40.4899,-3.4542,40.457,-3.3604
354556,T.22-2,スペイン,2026-07-29 23:22:17,39.679,2.7008,40.1772,-3.1825,39.679,2.7008
e483ba,FAB2590,ブラジル,2026-07-29 23:22:17,-7.655,-41.7625,-4.1178,-38.9191,-7.655,-41.7625
c2c363,330002,カナダ,2026-07-29 23:23:21,45.7769,1.5113,50.0401,4.9762,45.7769,1.5113
600806,4K-AI06,アゼルバイジャン,2026-07-29 23:23:21,41.0585,12.208,41.0817,19.3211,41.0585,12.208
341390,T.18-1,スペイン,2026-07-29 23:23:21,40.432,-3.2988,40.4899,-3.4542,40.432,-3.2988
354556,T.22-2,スペイン,2026-07-29 23:23:21,39.7101,2.7755,40.1772,-3.1825,39.7101,2.7755
e483ba,FAB2590,ブラジル,2026-07-29 23:23:21,-7.7347,-41.8155,-4.1178,-38.9191,-7.7347,-41.8155
c2c363,330002,カナダ,2026-07-29 23:24:23,45.633,1.447,50.0401,4.9762,45.633,1.447
600806,4K-AI06,アゼルバイジャン,2026-07-29 23:24:23,41.0514,11.9955,41.0817,19.3211,41.0514,11.9955
341390,T.18-1,スペイン,2026-07-29 23:24:23,40.3925,-3.1978,40.4899,-3.4542,40.3925,-3.1978
354556,T.22-2,スペイン,2026-07-29 23:24:23,39.7473,2.8683,40.1772,-3.1825,39.7473,2.8683
e483ba,FAB2590,ブラジル,2026-07-29 23:24:23,-7.8337,-41.8813,-4.1178,-38.9191,-7.8337,-41.8813
c2c363,330002,カナダ,2026-07-29 23:25:25,45.529,1.4007,50.0401,4.9762,45.529,1.4007
600806,4K-AI06,アゼルバイジャン,2026-07-29 23:25:25,41.0462,11.8428,41.0817,19.3211,41.0462,11.8428
341390,T.18-1,スペイン,2026-07-29 23:25:25,40.3591,-3.1125,40.4899,-3.4542,40.3591,-3.1125
3542c3,T.18-3,スペイン,2026-07-29 23:25:25,40.0113,-13.4361,40.0113,-13.4361,40.0113,-13.4361
354556,T.22-2,スペイン,2026-07-29 23:25:25,39.7652,2.9377,40.1772,-3.1825,39.7652,2.9377
e483ba,FAB2590,ブラジル,2026-07-29 23:25:25,-7.9341,-41.9482,-4.1178,-38.9191,-7.9341,-41.9482
c2c363,330002,カナダ,2026-07-29 23:26:30,45.39,1.3498,50.0401,4.9762,45.39,1.3498
600806,4K-AI06,アゼルバイジャン,2026-07-29 23:26:30,41.0395,11.6441,41.0817,19.3211,41.0395,11.6441
341390,T.18-1,スペイン,2026-07-29 23:26:30,40.3093,-2.9856,40.4899,-3.4542,40.3093,-2.9856
3542c3,T.18-3,スペイン,2026-07-29 23:26:30,40.0112,-13.427,40.0113,-13.4361,40.0112,-13.427
354556,T.22-2,スペイン,2026-07-29 23:26:30,39.7769,3.0289,40.1772,-3.1825,39.7769,3.0289
e483ba,FAB2590,ブラジル,2026-07-29 23:26:30,-8.0583,-42.031,-4.1178,-38.9191,-8.0583,-42.031
c2c363,330002,カナダ,2026-07-29 23:27:33,45.2431,1.3048,50.0401,4.9762,45.2431,1.3048
600806,4K-AI06,アゼルバイジャン,2026-07-29 23:27:33,41.0321,11.4385,41.0817,19.3211,41.0321,11.4385
341390,T.18-1,スペイン,2026-07-29 23:27:33,40.252,-2.8391,40.4899,-3.4542,40.252,-2.8391
3542c3,T.18-3,スペイン,2026-07-29 23:27:33,40.0112,-13.427,40.0113,-13.4361,40.0112,-13.427
354556,T.22-2,スペイン,2026-07-29 23:27:33,39.7055,3.0366,40.1772,-3.1825,39.7055,3.0366
e483ba,FAB2590,ブラジル,2026-07-29 23:27:33,-8.1726,-42.1071,-4.1178,-38.9191,-8.1726,-42.1071
c2c363,330002,カナダ,2026-07-29 23:28:35,45.1131,1.2652,50.0401,4.9762,45.1131,1.2652
600806,4K-AI06,アゼルバイジャン,2026-07-29 23:28:35,41.0251,11.2552,41.0817,19.3211,41.0251,11.2552
341390,T.18-1,スペイン,2026-07-29 23:28:35,40.1985,-2.7044,40.4899,-3.4542,40.1985,-2.7044
3542c3,T.18-3,スペイン,2026-07-29 23:28:35,40.0112,-13.427,40.0113,-13.4361,40.0112,-13.427
354556,T.22-2,スペイン,2026-07-29 23:28:35,39.6694,2.9693,40.1772,-3.1825,39.6694,2.9693
e483ba,FAB2590,ブラジル,2026-07-29 23:28:35,-8.2756,-42.1759,-4.1178,-38.9191,-8.2756,-42.1759
c2c363,330002,カナダ,2026-07-29 23:29:37,45.0102,1.2339,50.0401,4.9762,45.0102,1.2339
600806,4K-AI06,アゼルバイジャン,2026-07-29 23:29:37,41.0192,11.1147,41.0817,19.3211,41.0192,11.1147
341390,T.18-1,スペイン,2026-07-29 23:29:37,40.1556,-2.5963,40.4899,-3.4542,40.1556,-2.5963
3542c3,T.18-3,スペイン,2026-07-29 23:29:37,40.0112,-13.427,40.0113,-13.4361,40.0112,-13.427
354556,T.22-2,スペイン,2026-07-29 23:29:37,39.6453,2.9187,40.1772,-3.1825,39.6453,2.9187
e483ba,FAB2590,ブラジル,2026-07-29 23:29:37,-8.3526,-42.2273,-4.1178,-38.9191,-8.3526,-42.2273
c2c363,330002,カナダ,2026-07-29 23:30:40,44.8548,1.1869,50.0401,4.9762,44.8548,1.1869
600806,4K-AI06,アゼルバイジャン,2026-07-29 23:30:40,41.0099,10.8929,41.0817,19.3211,41.0099,10.8929
341390,T.18-1,スペイン,2026-07-29 23:30:40,40.0893,-2.4295,40.4899,-3.4542,40.0893,-2.4295
3542c3,T.18-3,スペイン,2026-07-29 23:30:40,40.0106,-12.975,40.0113,-13.4361,40.0106,-12.975
354556,T.22-2,スペイン,2026-07-29 23:30:40,39.6121,2.8484,40.1772,-3.1825,39.6121,2.8484
e483ba,FAB2590,ブラジル,2026-07-29 23:30:40,-8.475,-42.3091,-4.1178,-38.9191,-8.475,-42.3091
c2c363,330002,カナダ,2026-07-29 23:31:42,44.7356,1.151,50.0401,4.9762,44.7356,1.151
600806,4K-AI06,アゼルバイジャン,2026-07-29 23:31:42,41.0025,10.7278,41.0817,19.3211,41.0025,10.7278
341390,T.18-1,スペイン,2026-07-29 23:31:42,40.0378,-2.2982,40.4899,-3.4542,40.0378,-2.2982
3542c3,T.18-3,スペイン,2026-07-29 23:31:42,40.0106,-12.975,40.0113,-13.4361,40.0106,-12.975
354556,T.22-2,スペイン,2026-07-29 23:31:42,39.5928,2.8074,40.1772,-3.1825,39.5928,2.8074
e483ba,FAB2590,ブラジル,2026-07-29 23:31:42,-8.5688,-42.3718,-4.1178,-38.9191,-8.5688,-42.3718
c2c363,330002,カナダ,2026-07-29 23:32:47,44.6094,1.1132,50.0401,4.9762,44.6094,1.1132
600806,4K-AI06,アゼルバイジャン,2026-07-29 23:32:47,40.9947,10.554,41.0817,19.3211,40.9947,10.554
341390,T.18-1,スペイン,2026-07-29 23:32:47,39.9826,-2.1601,40.4899,-3.4542,39.9826,-2.1601
3542c3,T.18-3,スペイン,2026-07-29 23:32:47,40.0074,-12.4222,40.0113,-13.4361,40.0074,-12.4222
354556,T.22-2,スペイン,2026-07-29 23:32:47,39.5788,2.7777,40.1772,-3.1825,39.5788,2.7777
e483ba,FAB2590,ブラジル,2026-07-29 23:32:47,-8.6676,-42.4378,-4.1178,-38.9191,-8.6676,-42.4378
c2c363,330002,カナダ,2026-07-29 23:33:50,44.4826,1.0753,50.0401,4.9762,44.4826,1.0753
600806,4K-AI06,アゼルバイジャン,2026-07-29 23:33:50,40.9866,10.3762,41.0817,19.3211,40.9866,10.3762
341390,T.18-1,スペイン,2026-07-29 23:33:50,39.9234,-2.0207,40.4899,-3.4542,39.9234,-2.0207
3542c3,T.18-3,スペイン,2026-07-29 23:33:50,40.0026,-11.9624,40.0113,-13.4361,40.0026,-11.9624
354556,T.22-2,スペイン,2026-07-29 23:33:50,39.5788,2.7777,40.1772,-3.1825,39.5788,2.7777
e483ba,FAB2590,ブラジル,2026-07-29 23:33:50,-8.7551,-42.4964,-4.1178,-38.9191,-8.7551,-42.4964
c2c363,330002,カナダ,2026-07-29 23:34:52,44.3149,1.0255,50.0401,4.9762,44.3149,1.0255
600806,4K-AI06,アゼルバイジャン,2026-07-29 23:34:52,40.9755,10.1442,41.0817,19.3211,40.9755,10.1442
341390,T.18-1,スペイン,2026-07-29 23:34:52,39.8445,-1.8347,40.4899,-3.4542,39.8445,-1.8347
3542c3,T.18-3,スペイン,2026-07-29 23:34:52,39.9996,-11.7255,40.0113,-13.4361,39.9996,-11.7255
354556,T.22-2,スペイン,2026-07-29 23:34:52,39.5788,2.7777,40.1772,-3.1825,39.5788,2.7777
e483ba,FAB2590,ブラジル,2026-07-29 23:34:52,-8.8966,-42.5912,-4.1178,-38.9191,-8.8966,-42.5912
c2c363,330002,カナダ,2026-07-29 23:35:54,44.2067,0.9936,50.0401,4.9762,44.2067,0.9936
600806,4K-AI06,アゼルバイジャン,2026-07-29 23:35:54,40.9678,9.9894,41.0817,19.3211,40.9678,9.9894
341390,T.18-1,スペイン,2026-07-29 23:35:54,39.792,-1.7113,40.4899,-3.4542,39.792,-1.7113
3542c3,T.18-3,スペイン,2026-07-29 23:35:54,39.9974,-11.5763,40.0113,-13.4361,39.9974,-11.5763
354556,T.22-2,スペイン,2026-07-29 23:35:54,39.5788,2.7777,40.1772,-3.1825,39.5788,2.7777
e483ba,FAB2590,ブラジル,2026-07-29 23:35:54,-8.9812,-42.6479,-4.1178,-38.9191,-8.9812,-42.6479
800c01,K7066,インド,2026-07-31 01:16:05,Sonari Airport (IXW / VEJS),23.0921,86.5033
885332,HS-TYR,タイ王国,2026-07-31 04:46:24,Don Mueang International Airport (DMK / VTBD),14.0609,100.473
7cfa93,A62-001,オーストラリア,2026-07-31 04:46:24,Southwest Oregon Regional Airport (OTH / KOTH),42.9118,-127.6254
800c01,K7066,インド,2026-07-31 04:46:24,Rourkela Airport (RRK / VERK),21.2773,84.1601
506f24,L1-01,スロベニア,2026-07-31 07:38:40,Ljubljana Jože Pučnik Airport (LJU / LJLJ),46.1105,14.6681
8a0855,PK-PJJ,インドネシア,2026-07-31 07:38:40,Halim Perdanakusuma International Airport (HLP / WIHH),-6.3382,106.7627
48d981,0112,ポーランド,2026-07-31 07:38:40,Solidarity Szczecin–Goleniów Airport (SZZ / EPSC),53.5291,15.1889
48d960,0001,ポーランド,2026-07-31 07:38:40,Leźnica Wielka Air Base (--- / EPLY),52.354,19.0225
4b7f43,T-752,スイス,2026-07-31 07:38:40,Verona Villafranca Valerio Catullo Airport (VRN / LIPX),45.6253,10.9959
33fff9,MM62174,イタリア,2026-07-31 07:38:40,"Florence Airport, Peretola (FLR / LIRQ)",43.6899,11.7085
407a3f,G-GBNI,イギリス,2026-07-31 10:14:22,Federico Fellini International Airport (RMI / LIPR),44.284,13.0384
506f24,L1-01,スロベニア,2026-07-31 10:14:22,Annemasse Airfield (--- / LFLI),46.4127,6.3672
3542c5,T.18-5,スペイン,2026-07-31 10:14:22,Madrid–Torrejón Airport / Torrejón Air Base (TOJ / LETO),40.5195,-3.4176
48d981,0112,ポーランド,2026-07-31 10:14:22,Inowroclaw Military Air Base (--- / EPIR),52.653,19.0489
48d960,0001,ポーランド,2026-07-31 10:14:22,Warsaw Modlin Airport (WMI / EPMO),52.3621,20.7682
477ff4,604,ハンガリー,2026-07-31 10:14:22,Sir Bani Yas Airport (XSB / OMBY),24.0527,51.4525
70c0ba,A4O-AJ,オマーン,2026-07-31 10:14:22,Kuçovë Air Base (--- / LAKV),40.2444,19.9741
4682a6,678,ギリシャ,2026-07-31 10:14:22,Elefsis Air Base (--- / LGEL),37.8553,23.6506
341390,T.18-1,スペイン,2026-07-31 12:20:09,Málaga-Costa del Sol Airport (AGP / LEMG),36.7607,-4.154
354556,T.22-2,スペイン,2026-07-31 12:20:09,Fuerteventura Airport (FUE / GCFV),28.2836,-14.5731
70c0ba,A4O-AJ,オマーン,2026-07-31 12:20:09,Beauvechain Air Base (--- / EBBE),50.7088,5.0248
4b7f43,T-752,スイス,2026-07-31 12:20:09,Dübendorf Air Base (--- / LSMD),47.3518,8.8612
800c01,K7066,インド,2026-07-31 12:20:09,Jaipur International Airport (JAI / VIJP),26.0471,76.8593
407a3f,G-GBNI,イギリス,2026-07-31 14:42:49,Chambéry Aix les Bains airport (CMF / LFLB),45.6916,5.5219
477ff4,604,ハンガリー,2026-07-31 14:42:49,Sofia Airport (SOF / LBSF),42.9477,23.542
354556,T.22-2,スペイン,2026-07-31 16:25:01,Portimão Airport (PRM / LPPM),35.2557,-9.5936
407a3f,G-GBNI,イギリス,2026-07-31 18:01:33,London Gatwick Airport (LGW / EGKK),51.1567,-0.1686
e483bb,FAB2591,ブラジル,2026-07-31 18:01:33,Minaçu Airport (MQH / SBMC),-13.3149,-45.8253
407a3f,G-GBNI,イギリス,2026-07-31 19:46:48,Ljubljana Jože Pučnik Airport (LJU / LJLJ),46.1943,14.388
c87f00,NZ7571,ニュージーランド,2026-07-31 19:46:48,Kalaeloa Airport (JRF / PHJR),20.6118,-159.2651
407a3f,G-GBNI,イギリス,2026-07-31 20:46:56,Kozani National Airport Filippos (KZI / LGKZ),40.2573,21.8718
0ac3a8,FAC0001,コロンビア,2026-07-31 20:46:56,Ernesto Cortissoz International Airport (BAQ / SKBQ),10.2318,-74.6554
7cfa93,A62-001,オーストラリア,2026-07-31 20:46:56,Ballina Byron Gateway Airport (BNK / YBNA),-29.7202,157.3374
e483ba,FAB2590,ブラジル,2026-07-31 20:46:56,Senador Nilo Coelho Airport (PNZ / SBPL),-8.9442,-42.4591
7cfa93,A62-001,オーストラリア,2026-07-31 21:51:00,Sydney Kingsford Smith International Airport (SYD / YSSY),-33.9679,151.4147
c87f01,NZ7572,ニュージーランド,2026-07-31 22:45:54,Nelson Airport (NSN / NZNS),-41.289,173.2208
407a3f,G-GBNI,イギリス,2026-07-31 23:46:04,Ioannina King Pyrrhus National Airport (IOA / LGIO),40.1423,20.5237
407a3f,G-GBNI,イギリス,2026-08-01 01:18:37,EuroAirport Basel–Mulhouse–Freiburg (BSL / LFSB),47.509,7.9123
e483ba,FAB2590,ブラジル,2026-08-01 04:42:28,Bom Jesus da Lapa Airport (LAZ / SBLP),-10.3218,-43.9967
407a3f,G-GBNI,イギリス,2026-08-01 07:16:07,Lydd London Ashford Airport (LYX / EGMD),51.1887,0.7965
0200cc,CN-MVI,モロッコ,2026-08-01 07:16:07,Menorca Airport (MAH / LEMH),39.5548,4.5076
800c01,K7066,インド,2026-08-01 07:16:07,Noida International Airport (DXN / IN-0392),28.3757,77.884
407a3f,G-GBNI,イギリス,2026-08-01 09:25:03,Ohrid St. Paul the Apostle Airport (OHD / LWOH),41.3782,21.4189
0200cc,CN-MVI,モロッコ,2026-08-01 09:25:03,Mykonos Island National Airport (JMK / LGMK),36.9127,25.2845
800c01,K7066,インド,2026-08-01 09:25:03,Agra Airport / Agra Air Force Station (AGR / VIAG),27.2184,77.2318
505c09,OM-BYK,スロバキア,2026-08-01 10:57:19,Piešťany Airport (PZY / LZPP),48.3632,17.5844
600806,4K-AI06,アゼルバイジャン,2026-08-01 10:57:19,Bologna Guglielmo Marconi Airport (BLQ / LIPE),44.7854,11.2095
341391,T.18-2,スペイン,2026-08-01 10:57:19,Mohammed V International Airport (CMN / GMMN),33.8941,-9.3153
600be9,4K-AI001,アゼルバイジャン,2026-08-01 10:57:19,Zaqatala International Airport (ZTU / UBBY),41.2738,46.8619
70c0ba,A4O-AJ,オマーン,2026-08-01 10:57:19,Stuttgart Airport (STR / EDDS),48.354,8.8431
407a3f,G-GBNI,イギリス,2026-08-01 12:02:28,Kukës International Airport (KFZ / LAKU),41.9989,19.9218
0200cc,CN-MVI,モロッコ,2026-08-01 12:02:28,Lecce Galatina Air Base / Galatina Fortunato Cesari Airport (LCC / LIBN),40.1889,18.7379
341391,T.18-2,スペイン,2026-08-01 12:02:28,César Manrique-Lanzarote Airport (ACE / GCRR),28.7729,-13.6891
600be9,4K-AI001,アゼルバイジャン,2026-08-01 12:02:28,Ordu–Giresun Airport (OGU / LTCB),41.3208,37.9439
e483ba,FAB2590,ブラジル,2026-08-01 12:02:28,Bom Jesus da Lapa Airport (LAZ / SBLP),-14.3126,-44.308
70c0ba,A4O-AJ,オマーン,2026-08-01 12:02:28,Amendola Air Base (--- / LIBA),41.6675,16.1554
407a3f,G-GBNI,イギリス,2026-08-01 13:46:49,Saint-Dizier – Robinson Air Base (--- / LFSI),48.6504,4.7317
c2c363,330002,カナダ,2026-08-01 13:46:49,CFB Trenton (YTR / CYTR),44.7379,-77.5226
0200cc,CN-MVI,モロッコ,2026-08-01 13:46:49,Dijon Longvic airport (DIJ / LFSD),47.6154,4.7221
600be9,4K-AI001,アゼルバイジャン,2026-08-01 13:46:49,Brindisi Airport (BDS / LIBR),40.8827,18.1861
70c0ba,A4O-AJ,オマーン,2026-08-01 13:46:49,Mersa Matruh International Airport (MUH / HEMM),33.0495,28.0521
407a3f,G-GBNI,イギリス,2026-08-01 14:48:24,London Gatwick Airport (LGW / EGKK),50.9878,0.0377
c2c363,330002,カナダ,2026-08-01 14:48:24,South Bend International Airport (SBN / KSBN),42.1196,-86.3432
341391,T.18-2,スペイン,2026-08-01 14:48:24,Seville Airport (SVQ / LEZL),37.8961,-6.4272
c2c363,330002,カナダ,2026-08-01 15:46:01,Rosecrans Memorial Airport (STJ / KSTJ),40.2574,-95.8168
600be9,4K-AI001,アゼルバイジャン,2026-08-01 15:46:01,Olbia Costa Smeralda Airport (OLB / LIEO),40.9,9.5152
70c0ba,A4O-AJ,オマーン,2026-08-01 15:46:01,Bani Sweif Air Base (--- / HEBS),28.8815,32.3857
4b7f4c,T-785,スイス,2026-08-01 15:46:01,Engadin Airport (SMV / LSZS),46.7418,10.3959
407a3f,G-GBNI,イギリス,2026-08-01 16:40:43,London Gatwick Airport (LGW / EGKK),51.1543,-0.1719
c2c363,330002,カナダ,2026-08-01 16:40:43,City of Colorado Springs Municipal Airport (COS / KCOS),38.9651,-104.2411
600be9,4K-AI001,アゼルバイジャン,2026-08-01 16:40:43,Brač Airport (BWK / LDSB),42.902,16.8192
407a3f,G-GBNI,イギリス,2026-08-01 17:42:39,Ramstein Air Base (RMS / ETAR),49.2117,7.5606
71be43,21001,韓国,2026-08-01 17:42:39,Ezeiza International Airport - Ministro Pistarini (EZE / SAEZ),-34.9166,-58.2979
407a3f,G-GBNI,イギリス,2026-08-01 18:41:57,Zadar Airport (ZAD / LDZD),43.8438,15.7265
c2c363,330002,カナダ,2026-08-01 18:41:57,Southeast Colorado Regional Airport (LAA / KLAA),38.9848,-102.9462
c2c363,330002,カナダ,2026-08-01 19:55:56,Quad City International Airport (MLI / KMLI),41.533,-90.8865
71be43,21001,韓国,2026-08-01 19:55:56,Major Brigadeiro Trompowsky Airport (VAG / SBVG),-21.375,-45.0425
0ac3a8,FAC0001,コロンビア,2026-08-01 20:49:27,Rafael Nuñez International Airport (CTG / SKCG),10.4411,-75.5129
c2c363,330002,カナダ,2026-08-01 20:49:27,London International Airport (YXU / CYXU),43.0745,-81.0736
4b7f4c,T-785,スイス,2026-08-01 20:49:27,Lugano Airport (LUG / LSZA),45.936,8.8772
407a3f,G-GBNI,イギリス,2026-08-01 21:40:18,Split Saint Jerome Airport (SPU / LDSP),43.2138,15.3563
c87f00,NZ7571,ニュージーランド,2026-08-01 21:40:18,New Plymouth Airport (NPL / NZNP),-39.0458,174.1841
4b7f4c,T-785,スイス,2026-08-01 21:40:18,Grenchen Airfield (--- / LSZG),47.0346,7.2873
407a3f,G-GBNI,イギリス,2026-08-01 22:38:27,Lahr Airport (LHA / EDTL),48.4292,8.13
0ac3a8,FAC0001,コロンビア,2026-08-01 22:38:27,Rafael Nuñez International Airport (CTG / SKCG),10.445,-75.514
407a3f,G-GBNI,イギリス,2026-08-01 23:38:48,London Gatwick Airport (LGW / EGKK),51.1646,-0.0705
0ac3a8,FAC0001,コロンビア,2026-08-01 23:38:48,Rafael Nuñez International Airport (CTG / SKCG),10.445,-75.514
c87f00,NZ7571,ニュージーランド,2026-08-01 23:38:48,Woodbourne Airport (BHE / NZWB),-41.8982,173.3442
0ac3a8,FAC0001,コロンビア,2026-08-02 01:14:09,Juan H White Airport (CAQ / SKCU),8.1045,-75.1465
8a0855,PK-PJJ,インドネシア,2026-08-02 01:14:09,Halim Perdanakusuma International Airport (HLP / WIHH),-6.3379,106.7627
71be43,21001,韓国,2026-08-02 04:42:18,Seve Ballesteros-Santander Airport (SDR / LEXJ),43.8843,-4.3353
354556,T.22-2,スペイン,2026-08-02 07:18:55,Madrid–Torrejón Airport / Torrejón Air Base (TOJ / LETO),40.3304,-3.2422
800c01,K7066,インド,2026-08-02 07:18:55,Biju Patnaik International Airport (BBI / VEBS),19.9273,84.7482
600806,4K-AI06,アゼルバイジャン,2026-08-02 09:26:39,Istres-Le Tubé Air Base (--- / LFMI),42.7216,4.6032
70c0ba,A4O-AJ,オマーン,2026-08-02 09:26:39,Athens Eleftherios Venizelos International Airport (ATH / LGAV),37.1968,23.7001
4b7f4c,T-785,スイス,2026-08-02 09:26:39,Bern Airport (BRN / LSZB),46.9072,7.5056
4c4a21,YU-SRB,セルビア,2026-08-02 09:26:39,"Kos International Airport ""Ippokratis"" (KGS / LGKO)",36.597,26.4982
800c01,K7066,インド,2026-08-02 09:26:39,Biju Patnaik International Airport (BBI / VEBS),20.6409,84.936
407a3f,G-GBNI,イギリス,2026-08-02 10:59:01,Toulouse-Blagnac Airport (TLS / LFBO),43.6765,1.7576
600806,4K-AI06,アゼルバイジャン,2026-08-02 10:59:01,Málaga-Costa del Sol Airport (AGP / LEMG),36.7328,-4.6071
70c0ba,A4O-AJ,オマーン,2026-08-02 10:59:01,Venice Marco Polo Airport (VCE / LIPZ),45.4323,12.4275
4b7f4c,T-785,スイス,2026-08-02 10:59:01,Warsaw Chopin Airport (WAW / EPWA),52.1554,20.9763
70c0ba,A4O-AJ,オマーン,2026-08-02 12:08:04,Ostend-Bruges International Airport (OST / EBOS),51.2879,3.5043
4b7f4c,T-785,スイス,2026-08-02 12:08:04,Łask Air Base (--- / EPLK),51.6912,18.3345
407a3f,G-GBNI,イギリス,2026-08-02 13:51:05,Aérodrome de Saint-Girons - Antichan (--- / LFCG),42.8885,0.9058
0200cc,CN-MVI,モロッコ,2026-08-02 13:51:05,Marche Airport (AOI / LIPY),43.6632,12.8684
600806,4K-AI06,アゼルバイジャン,2026-08-02 13:51:05,Alcantarilla Air Base (--- / LERI),38.1092,-1.0098
e483ba,FAB2590,ブラジル,2026-08-02 13:51:05,Viracopos International Airport (VCP / SBKP),-22.7339,-46.9585
407a3f,G-GBNI,イギリス,2026-08-02 14:52:30,Brighton City Airport (ESH / EGKA),50.6956,-0.7792
0200cc,CN-MVI,モロッコ,2026-08-02 14:52:30,Kozani National Airport Filippos (KZI / LGKZ),39.961,21.548
600806,4K-AI06,アゼルバイジャン,2026-08-02 14:52:30,Alghero-Fertilia Airport (AHO / LIEA),40.774,8.7523
71be43,21001,韓国,2026-08-02 15:51:41,Bayreuth Airport (BYU / EDQD),49.8974,11.3995
0200cc,CN-MVI,モロッコ,2026-08-02 16:41:26,Thessaloniki Macedonia International Airport (SKG / LGTS),40.4609,22.6845
600806,4K-AI06,アゼルバイジャン,2026-08-02 16:41:26,Federico Fellini International Airport (RMI / LIPR),44.0891,13.1331
71be43,21001,韓国,2026-08-02 16:41:26,Arad International Airport (ARW / LRAR),46.5301,20.6391
407a3f,G-GBNI,イギリス,2026-08-02 17:45:07,Stuttgart Airport (STR / EDDS),48.409,8.7871
0200cc,CN-MVI,モロッコ,2026-08-02 17:45:07,Falcone–Borsellino Airport (PMO / LICJ),39.3925,13.1245
600806,4K-AI06,アゼルバイジャン,2026-08-02 17:45:07,Václav Havel Airport Prague (PRG / LKPR),50.099,14.2687
e483bb,FAB2591,ブラジル,2026-08-02 17:45:07,Congonhas–Deputado Freitas Nobre Airport (CGH / SBSP),-23.6239,-46.6584
71be43,21001,韓国,2026-08-02 17:45:07,Cengiz Topel Airport (KCO / LTBQ),41.7069,30.5561
407a3f,G-GBNI,イギリス,2026-08-02 18:44:07,Brač Airport (BWK / LDSB),43.1587,16.9162
0200cc,CN-MVI,モロッコ,2026-08-02 18:44:07,Menorca Airport (MAH / LEMH),39.224,3.8496
71be43,21001,韓国,2026-08-02 18:44:07,Alexander Kartveli Batumi International Airport (BUS / UGSB),41.3493,42.3417
0200cc,CN-MVI,モロッコ,2026-08-02 19:57:50,Sania Ramel Airport (TTU / GMTN),35.6187,-5.2536
0d088c,3910,メキシコ,2026-08-02 19:57:50,Mexico City Benito Juárez International Airport (MEX / MMMX),19.4289,-99.0825
e483ba,FAB2590,ブラジル,2026-08-02 19:57:50,Leite Lopes Airport (RAO / SBRP),-20.528,-47.8594
800c01,K7066,インド,2026-08-02 19:57:50,Maa Mahamaya Airport (AHA / IN-0393),23.7554,84.1283
407a3f,G-GBNI,イギリス,2026-08-02 20:58:52,Lecce Galatina Air Base / Galatina Fortunato Cesari Airport (LCC / LIBN),40.3191,19.0023
407a3f,G-GBNI,イギリス,2026-08-02 22:00:29,Bolzano Airport (BZO / LIPB),46.4092,11.927
407a3f,G-GBNI,イギリス,2026-08-02 23:02:33,Ostend-Bruges International Airport (OST / EBOS),51.4837,2.7322
8a0855,PK-PJJ,インドネシア,2026-08-03 00:07:15,Kertajati International Airport (KJT / WICA),-6.6506,108.0973
4682a6,678,ギリシャ,2026-08-03 06:48:57,Thessaloniki Macedonia International Airport (SKG / LGTS),40.4148,23.026
407a3f,G-GBNI,イギリス,2026-08-03 10:29:58,Aosta Corrado Gex Airport (AOT / LIMW),45.831,7.0047
3542c5,T.18-5,スペイン,2026-08-03 10:29:58,Madrid–Torrejón Airport / Torrejón Air Base (TOJ / LETO),41.2734,-3.1611
48d960,0001,ポーランド,2026-08-03 10:29:58,Budapest Liszt Ferenc International Airport (BUD / LHBP),47.4399,19.2263
04c030,KAF308,ケニア,2026-08-03 10:29:58,Westerland Sylt Airport (GWT / EDXW),54.6836,6.0598
4bd2b2,TC-TUR,トルコ,2026-08-03 10:29:58,Çukurhisar Airport (--- / TR-0021),40.4329,31.182
600806,4K-AI06,アゼルバイジャン,2026-08-03 13:26:15,Salzburg Airport (SZG / LOWS),47.6728,13.6847
48d981,0112,ポーランド,2026-08-03 13:26:15,Malbork Królewo Air Base (--- / EPMB),53.9723,18.577
407a3f,G-GBNI,イギリス,2026-08-03 16:02:17,Novi Ligure Eugenio Mossi Airfield (--- / LIMR),44.9482,9.2182
600806,4K-AI06,アゼルバイジャン,2026-08-03 16:02:17,Olbia Costa Smeralda Airport (OLB / LIEO),41.0479,9.811
3542c5,T.18-5,スペイン,2026-08-03 16:02:17,Madrid–Torrejón Airport / Torrejón Air Base (TOJ / LETO),40.5246,-3.4116
33fff9,MM62174,イタリア,2026-08-03 16:02:17,Federico Fellini International Airport (RMI / LIPR),43.7226,12.7298
600806,4K-AI06,アゼルバイジャン,2026-08-03 18:00:37,Zonguldak Çaycuma Airport (ONQ / LTAS),42.642,31.5126
407a3f,G-GBNI,イギリス,2026-08-03 20:48:15,Salerno Costa d'Amalfi Airport (QSR / LIRI),39.5786,14.6024
407a3f,G-GBNI,イギリス,2026-08-03 21:53:24,Innsbruck Airport (INN / LOWI),47.2212,10.6151
407a3f,G-GBNI,イギリス,2026-08-03 22:52:40,Calais Marck Airport (CQF / LFAC),51.4923,1.7656
43c6f5,ZZ336,イギリス,2026-08-03 23:59:02,RAAF Base Amberley (--- / YAMB),-27.5045,152.2824
800c01,K7066,インド,2026-08-04 03:18:42,Kushinagar International Airport (KBK / VEKI),25.8954,84.0974
498422,2801,チェコ,2026-08-04 06:07:45,Čáslav Air Base (--- / LKCV),49.6931,15.2622
4680d1,9A-CRO,クロアチア,2026-08-04 06:07:45,Kozani National Airport Filippos (KZI / LGKZ),40.1151,22.0021
800c01,K7066,インド,2026-08-04 06:07:45,Noida International Airport (DXN / IN-0392),27.9234,78.0822
43c6f5,ZZ336,イギリス,2026-08-04 08:52:06,RAAF Base Amberley (--- / YAMB),-27.5247,152.663
43c6f9,ZZ336,イギリス,2026-08-04 08:52:06,Norwich Airport (NWI / EGSH),53.4085,1.7928
800c01,K7066,インド,2026-08-04 08:52:06,Safdarjung Airport (--- / VIDD),28.5676,77.217
800585,K7066,インド,2026-08-04 11:13:06,Mysore Airport (MYQ / VOMY),12.9408,75.9898
70c0ba,A4O-AJ,オマーン,2026-08-04 11:13:06,Spangdahlem Air Base (SPM / ETAD),50.2725,6.4508
70c0b7,A4O-HMS,オマーン,2026-08-04 11:13:06,Istrana Air Base (--- / LIPS),46.0641,11.7786
43c6f9,ZZ336,イギリス,2026-08-04 11:13:06,Glasgow Prestwick Airport (PIK / EGPK),55.1743,-4.6088
800c01,K7066,インド,2026-08-04 11:13:06,Kota Airport (KTU / VIKO),24.5529,76.9439
800585,K7066,インド,2026-08-04 13:11:48,Agra Airport / Agra Air Force Station (AGR / VIAG),26.5829,77.2212
70c0ba,A4O-AJ,オマーン,2026-08-04 13:11:48,Corfu Ioannis Kapodistrias International Airport (CFU / LGKR),39.0675,19.4017
70c0b7,A4O-HMS,オマーン,2026-08-04 13:11:48,Sitia Airport (JSH / LGST),34.5372,26.515
354556,T.22-2,スペイン,2026-08-04 15:35:36,Armilla Air Base (--- / LEGA),36.491,-3.5674
800c01,K7066,インド,2026-08-04 15:35:36,Kota Airport (KTU / VIKO),25.6734,75.4038
354556,T.22-2,スペイン,2026-08-04 17:16:31,Seville Airport (SVQ / LEZL),37.5753,-5.3907
8953e3,V8-BKH,ブルネイ,2026-08-04 17:16:31,Kamphaeng Saen Airport (KDT / VTBK),14.5944,99.2161
c2c363,330002,カナダ,2026-08-04 18:57:27,John C. Munro Hamilton International Airport (YHM / CYHM),43.1676,-80.0176
48d960,0001,ポーランド,2026-08-04 18:57:27,Rzeszów-Jasionka Airport (RZE / EPRZ),50.1115,22.0259
762af3,J-755,パキスタン,2026-08-04 18:57:27,Sir Bani Yas Airport (XSB / OMBY),22.5127,50.765
70c0ba,A4O-AJ,オマーン,2026-08-04 18:57:27,Prince Sultan Air Base (AKH / OEPS),23.2255,49.4698
8953e3,V8-BKH,ブルネイ,2026-08-04 18:57:27,Sonari Airport (IXW / VEJS),22.2891,87.1117
020125,CN-MSM,モロッコ,2026-08-04 20:26:46,Bassatine Airport (MEK / GMFM),33.9329,-5.2548
48d960,0001,ポーランド,2026-08-04 20:26:46,Nuremberg Airport (NUE / EDDN),49.4972,11.0741
c87f00,NZ7571,ニュージーランド,2026-08-04 20:26:46,Kalaeloa Airport (JRF / PHJR),19.2102,-159.3885
8953e3,V8-BKH,ブルネイ,2026-08-04 20:26:46,Maharaja Agrasen International Airport (HSS / VIHR),28.3973,75.3011
48d960,0001,ポーランド,2026-08-04 21:49:17,Warsaw Chopin Airport (WAW / EPWA),52.0033,21.1067
477ff6,606,ハンガリー,2026-08-04 21:49:17,Halifax / Stanfield International Airport (YHZ / CYHZ),45.2003,-62.625
8953e3,V8-BKH,ブルネイ,2026-08-04 23:47:25,Kyurdamir Air Base (--- / UB14),40.1553,48.6182
7cf9d6,A39-007,オーストラリア,2026-08-05 01:09:49,RAAF Base Edinburgh (--- / YPED),-34.6804,138.6203
8953e3,V8-BKH,ブルネイ,2026-08-05 01:09:49,Trabzon International Airport (TZX / LTCG),41.04,39.3255
7cf9d6,A39-007,オーストラリア,2026-08-05 04:28:45,RAAF Base Richmond (XRH / YSRI),-33.6215,150.9804
477ff6,606,ハンガリー,2026-08-05 04:28:45,Győr-Pér Airport (--- / LHPR),47.7094,17.4414
800c01,K7066,インド,2026-08-05 04:28:45,Agartala - Maharaja Bir Bikram Airport (IXA / VEAT),23.3421,91.02
33fff9,MM62174,イタリア,2026-08-05 07:16:58,Grosseto Corrado Baccarini Air Base / Grosseto Airport (GRS / LIRS),42.4671,10.7816
800c01,K7066,インド,2026-08-05 07:16:58,Netaji Subhash Chandra Bose International Airport (CCU / VECC),23.0985,88.501
7cfa93,A62-001,オーストラリア,2026-08-05 10:00:20,Canberra Airport (CBR / YSCB),-35.5317,149.3401
600806,4K-AI06,アゼルバイジャン,2026-08-05 10:00:20,Keşan Air Base (--- / TR-0028),40.9312,27.196
894082,A9C-HMH,バーレーン,2026-08-05 10:00:20,Sheik Isa Air Base (--- / OBBS),26.0848,50.6826
48d981,0112,ポーランド,2026-08-05 10:00:20,Minsk Mazowiecki Military Air Base (--- / EPMM),52.67,21.4749
48d980,0110,ポーランド,2026-08-05 10:00:20,Gdańsk Lech Wałęsa Airport (GDN / EPGD),54.3469,18.5893
48d960,0001,ポーランド,2026-08-05 10:00:20,Minsk Mazowiecki Military Air Base (--- / EPMM),52.6229,21.4718
33fff9,MM62174,イタリア,2026-08-05 10:00:20,Marche Airport (AOI / LIPY),43.8561,13.2857
800c01,K7066,インド,2026-08-05 10:00:20,Shah Makhdum Airport (RJH / VGRJ),23.8329,88.2381
48d980,0110,ポーランド,2026-08-05 12:06:25,Rzeszów-Jasionka Airport (RZE / EPRZ),50.5875,21.6503
800c01,K7066,インド,2026-08-05 12:06:25,Netaji Subhash Chandra Bose International Airport (CCU / VECC),22.0334,87.8547
800c3d,K7067,インド,2026-08-05 12:06:25,Gwalior Airport (GWL / VIGR),26.0721,77.4152
c2c363,330002,カナダ,2026-08-05 14:29:33,Sudbury Airport (YSB / CYSB),47.1,-81.8019
0d0914,3915,メキシコ,2026-08-05 14:29:33,Tallahassee International Airport (TLH / KTLH),30.7473,-84.9538
762af3,J-755,パキスタン,2026-08-05 14:29:33,Queen Alia International Airport (AMM / OJAI),31.5726,35.8427
800c01,K7066,インド,2026-08-05 16:17:00,Lokpriya Gopinath Bordoloi International Airport (GAU / VEGT),25.7394,90.9284
c2c363,330002,カナダ,2026-08-05 17:56:40,Yorkton Municipal Airport (YQV / CYQV),50.7373,-102.9697
341391,T.18-2,スペイン,2026-08-05 17:56:40,Palma de Mallorca Airport (PMI / LEPA),39.5046,2.6317
800c01,K7066,インド,2026-08-05 17:56:40,Shah Makhdum Airport (RJH / VGRJ),24.0175,88.5725
48d960,0001,ポーランド,2026-08-05 19:29:15,Kraków John Paul II International Airport (KRK / EPKK),50.3877,19.9362
48d960,0001,ポーランド,2026-08-05 20:44:58,Nörvenich Air Base (--- / ETNN),50.8128,6.3082
762af3,J-755,パキスタン,2026-08-05 20:44:58,Sir Bani Yas Airport (XSB / OMBY),23.0067,51.3629
48d960,0001,ポーランド,2026-08-05 21:58:33,Zerbst Airfield (--- / EDUZ),51.7786,12.2016
8a0855,PK-PJJ,インドネシア,2026-08-05 23:05:30,Soekarno-Hatta International Airport (CGK / WIII),-6.1713,106.5406
8a0855,PK-PJJ,インドネシア,2026-08-06 00:08:48,Japura Airport (RGT / WIBJ),-0.8195,102.2565
43c6f5,ZZ336,イギリス,2026-08-06 00:08:48,Oakey Army Aviation Centre (OKY / YBOK),-27.1227,151.8916
7cfa93,A62-001,オーストラリア,2026-08-06 03:33:12,Goulburn Airport (GUL / YGLB),-35.1373,149.8531
407a3f,G-GBNI,イギリス,2026-08-06 09:08:01,Salzburg Airport (SZG / LOWS),47.1782,12.9011
762bf4,J-756,パキスタン,2026-08-06 09:08:01,Bahawalpur Airport (BHV / OPBW),29.696,71.5976
33fff9,MM62174,イタリア,2026-08-06 09:08:01,Forlì-Luigi Ridolfi International Airport (FRL / LIPK),44.6071,11.9789
468111,273,ギリシャ,2026-08-06 09:08:01,Patras Araxos Agamemnon Airport (GPA / LGRX),37.9795,22.4793
407a3f,G-GBNI,イギリス,2026-08-06 11:31:29,Brač Airport (BWK / LDSB),42.7695,17.249
8a0855,PK-PJJ,インドネシア,2026-08-06 11:31:29,Japura Airport (RGT / WIBJ),-0.2566,102.1372
600806,4K-AI06,アゼルバイジャン,2026-08-06 11:31:29,Gorna Oryahovitsa Airport (GOZ / LBGO),42.9979,25.2793
477ff5,605,ハンガリー,2026-08-06 11:31:29,Szolnok Air Base (--- / LHSN),46.7277,20.7512
762bf4,J-756,パキスタン,2026-08-06 11:31:29,Aradah Airport (--- / OE55),21.8166,53.7432
4b7f44,T-751,スイス,2026-08-06 11:31:29,Sarajevo International Airport (SJJ / LQSA),43.7053,18.6046
800c3d,K7067,インド,2026-08-06 11:31:29,Coimbatore International Airport (CJB / VOCB),11.1203,77.1919
407a3f,G-GBNI,イギリス,2026-08-06 13:12:42,Brussels Airport (BRU / EBBR),51.0438,4.5727
600806,4K-AI06,アゼルバイジャン,2026-08-06 13:12:42,Gelendzhik Airport (GDZ / URKG),44.5184,37.679
e483ba,FAB2590,ブラジル,2026-08-06 13:12:42,Congonhas–Deputado Freitas Nobre Airport (CGH / SBSP),-23.7424,-46.7054
8953e3,V8-BKH,ブルネイ,2026-08-06 13:12:42,"Florence Airport, Peretola (FLR / LIRQ)",44.0206,11.3801
c2c363,330002,カナダ,2026-08-06 15:29:25,Calgary International Airport (YYC / CYYC),51.047,-113.035
48d960,0001,ポーランド,2026-08-06 15:29:25,Copernicus Wrocław Airport (WRO / EPWR),51.2612,16.7584
e483ba,FAB2590,ブラジル,2026-08-06 15:29:25,Leite Lopes Airport (RAO / SBRP),-20.9489,-47.6887
7cfa93,A62-001,オーストラリア,2026-08-07 00:30:51,Sydney Kingsford Smith International Airport (SYD / YSSY),-34.0027,151.0783
354556,T.22-2,スペイン,2026-08-07 00:30:51,Sintra Air Base (--- / LPST),38.903,-10.4118
7cfa93,A62-001,オーストラリア,2026-08-07 03:33:19,Coffs Harbour Airport (CFS / YCFS),-30.566,152.8409
0d088c,3910,メキシコ,2026-08-07 03:33:19,Capitán FAP Carlos Martínez de Pinillos International Airport (TRU / SPRU),-9.4245,-80.3733
4b8c2e,TC-TUR,トルコ,2026-08-07 05:19:20,İstanbul Atatürk Airport (ISL / LTBA),40.975,28.8154
4bd2b2,TC-TUR,トルコ,2026-08-07 05:19:20,Paphos International Airport (PFO / LCPH),35.1606,30.8661
407a3f,G-GBNI,イギリス,2026-08-07 06:37:42,Brighton City Airport (ESH / EGKA),50.9696,-0.4439
885334,HS-TYT,タイ王国,2026-08-07 06:37:42,Suvarnabhumi Airport (BKK / VTBS),13.4345,100.3968
505c09,OM-BYK,スロバキア,2026-08-07 06:37:42,Náměšť Air Base (--- / LKNA),49.1777,16.0838
407a3f,G-GBNI,イギリス,2026-08-07 07:56:57,Josep Tarradellas Barcelona-El Prat Airport (BCN / LEBL),40.8476,2.592
4b7f43,T-752,スイス,2026-08-07 07:56:57,Marina di Campo Airport (EBA / LIRJ),43.0248,9.9344
33fff9,MM62174,イタリア,2026-08-07 07:56:57,Turin Airport (TRN / LIMF),45.1966,7.6459
505c09,OM-BYK,スロバキア,2026-08-07 08:59:34,Grafenwöhr Army Air Field (--- / ETIC),49.7419,12.263
4b7f4c,T-785,スイス,2026-08-07 08:59:34,Payerne Air Base (VIP / LSMP),46.7703,6.7944
33fff9,MM62174,イタリア,2026-08-07 08:59:34,Brescia Gabriele d'Annunzio Airport (VBS / LIPO),45.3154,10.4899
407a3f,G-GBNI,イギリス,2026-08-07 10:06:31,Palma de Mallorca Airport (PMI / LEPA),40.0579,2.025
50815f,UR-ABA,ウクライナ,2026-08-07 10:06:31,Poprad-Tatry Airport (TAT / LZTT),49.3023,20.7474
3542c3,T.18-3,スペイン,2026-08-07 10:06:31,Cabo Rojo Airport (CBJ / MDCR),17.3075,-70.8814
4b7f4c,T-785,スイス,2026-08-07 10:06:31,Payerne Air Base (VIP / LSMP),46.7859,7.1936
33fff9,MM62174,イタリア,2026-08-07 10:06:31,Guidonia Air Base (--- / LIRG),42.222,12.5893
407a3f,G-GBNI,イギリス,2026-08-07 11:05:11,Angers Marcé airport (ANE / LFJR),47.1697,-0.56
800585,K7066,インド,2026-08-07 11:05:11,Gwalior Airport (GWL / VIGR),26.2537,77.2099
3542c3,T.18-3,スペイン,2026-08-07 11:05:11,Ernesto Cortissoz International Airport (BAQ / SKBQ),11.3885,-74.7366
354556,T.22-2,スペイン,2026-08-07 11:05:11,Baracoa Airport (MGN / SKMG),8.968,-74.7751
4b7f43,T-752,スイス,2026-08-07 11:05:11,Genoa Cristoforo Colombo Airport (GOA / LIMJ),44.5353,9.2152
4b7f4c,T-785,スイス,2026-08-07 11:05:11,Zürich Airport (ZRH / LSZH),47.3983,8.2612
8821ab,HS-HMK,タイ王国,2026-08-07 11:05:11,Chiang Mai International Airport (CNX / VTCC),18.4695,98.9919
407a3f,G-GBNI,イギリス,2026-08-07 11:54:00,London Stansted Airport (STN / EGSS),51.997,0.4031
c2c363,330002,カナダ,2026-08-07 11:54:00,Ottawa / Carp Airport (--- / CYRP),45.3617,-75.913
800585,K7066,インド,2026-08-07 11:54:00,Indira Gandhi International Airport (DEL / VIDP),28.5673,77.1122
8821ab,HS-HMK,タイ王国,2026-08-07 11:54:00,Don Mueang International Airport (DMK / VTBD),14.241,100.6928
3542c3,T.18-3,スペイン,2026-08-07 11:54:00,Matecaña International Airport (PEI / SKPE),5.2271,-75.9265
477ff5,605,ハンガリー,2026-08-07 12:44:48,Craiova International Airport (CRA / LRCV),44.1822,23.585
894082,A9C-HMH,バーレーン,2026-08-07 12:44:48,King Fahd International Airport (DMM / OEDF),26.4891,49.254
800c01,K7066,インド,2026-08-07 12:44:48,Vadodara International Airport (BDQ / VABO),22.4941,73.4741
c2c363,330002,カナダ,2026-08-07 14:00:54,Gimli Industrial Park Airport (YGM / CYGM),51.7905,-96.7604
e80648,985,チリ,2026-08-07 14:00:54,La Independencia Airport (--- / SCRG),-34.3481,-71.0046
477ff5,605,ハンガリー,2026-08-07 14:00:54,Chania International Airport (CHQ / LGSA),36.339,24.39
4bd2b2,TC-TUR,トルコ,2026-08-07 14:00:54,Al Mansurah Airbase (--- / HE32),30.9707,31.5558
800c01,K7066,インド,2026-08-07 14:00:54,Indira Gandhi International Airport (DEL / VIDP),28.5639,77.0993
407a3f,G-GBNI,イギリス,2026-08-07 15:02:49,Emmen Air Base (EML / LSME),47.0606,8.0828
c2c363,330002,カナダ,2026-08-07 15:02:49,Meadow Lake Airport (YLJ / CYLJ),53.9158,-108.5413
e80648,985,チリ,2026-08-07 15:02:49,El Tepual International Airport (PMC / SCTE),-41.7338,-72.4691
50815f,UR-ABA,ウクライナ,2026-08-07 15:02:49,Brașov-Ghimbav International Airport (GHV / LRBV),45.917,25.0774
4bd2b2,TC-TUR,トルコ,2026-08-07 15:02:49,Kütahya Airport (--- / LTBN),39.4539,29.2559
407a3f,G-GBNI,イギリス,2026-08-07 16:04:12,Amendola Air Base (--- / LIBA),41.6461,15.9168
477ff5,605,ハンガリー,2026-08-07 16:04:12,Dolna Mitropoliya Air Base (--- / LBPL),43.7329,24.9174
800c01,K7066,インド,2026-08-07 16:04:12,Safdarjung Airport (--- / VIDD),28.5648,77.317
407a3f,G-GBNI,イギリス,2026-08-07 17:03:40,Aktion National Airport (PVK / LGPZ),38.9238,20.7592
c2c363,330002,カナダ,2026-08-07 17:57:00,Lloydminster Airport (YLL / CYLL),53.0505,-111.7851
477ff5,605,ハンガリー,2026-08-07 17:57:00,Sibiu International Airport (SBZ / LRSB),45.5512,23.5883
e483ba,FAB2590,ブラジル,2026-08-07 17:57:00,Romeu Zema Airport (AAX / SBAX),-20.4951,-46.9568
407a3f,G-GBNI,イギリス,2026-08-07 18:57:48,Split Saint Jerome Airport (SPU / LDSP),43.3487,15.8664
407a3f,G-GBNI,イギリス,2026-08-07 19:53:33,Laupheim Air Base (--- / ETHL),48.3539,9.5913
407a3f,G-GBNI,イギリス,2026-08-07 20:31:45,Antwerp International Airport (Deurne) (ANR / EBAW),51.0533,4.091
e483ba,FAB2590,ブラジル,2026-08-07 22:46:18,Viracopos International Airport (VCP / SBKP),-22.5806,-47.0118
c87f00,NZ7571,ニュージーランド,2026-08-07 23:20:10,Ballina Byron Gateway Airport (BNK / YBNA),-28.7189,155.4975
e483ba,FAB2590,ブラジル,2026-08-07 23:20:10,Ten. Cel. Aviador César Bombonato Airport (UDI / SBUL),-19.009,-47.5854
c87f00,NZ7571,ニュージーランド,2026-08-07 23:52:42,Oakey Army Aviation Centre (OKY / YBOK),-27.097,152.3017
7cfa93,A62-001,オーストラリア,2026-08-08 02:45:48,Benalla Airport (BLN / YBLA),-37.1899,146.1354
354556,T.22-2,スペイン,2026-08-08 02:45:48,Alfonso López Pumarejo Airport (VUP / SKVP),10.3781,-73.5518
e940fb,FAB-002,ボリビア,2026-08-08 02:45:48,Caballococha Airport (--- / SPBC),-2.4783,-70.1093
800c01,K7066,インド,2026-08-08 02:45:48,Chaudhary Charan Singh International Airport (LKO / VILK),26.9337,81.0366
c87f00,NZ7571,ニュージーランド,2026-08-08 03:58:58,Darwin International Airport / RAAF Darwin (DRW / YPDN),-12.4281,130.9209
800c01,K7066,インド,2026-08-08 05:52:49,Moradabad Airport (MZS / VIMB),28.2102,78.7128
407a3f,G-GBNI,イギリス,2026-08-08 06:32:42,Brighton City Airport (ESH / EGKA),50.9447,-0.6455
354556,T.22-2,スペイン,2026-08-08 06:32:42,Fernando Luis Ribas Dominicci Airport (SIG / TJIG),20.5935,-66.0923
762bf4,J-756,パキスタン,2026-08-08 06:32:42,Aradah Airport (--- / OE55),21.8847,52.9784
800c01,K7066,インド,2026-08-08 06:32:42,Indira Gandhi International Airport (DEL / VIDP),28.5638,77.0998
407a3f,G-GBNI,イギリス,2026-08-08 07:32:15,Toulouse-Blagnac Airport (TLS / LFBO),43.6346,1.7794
0ac3a8,FAC0001,コロンビア,2026-08-08 07:32:15,Enrique Olaya Herrera Airport (EOH / SKMD),6.5234,-75.7509
800c01,K7066,インド,2026-08-08 07:32:15,Indira Gandhi International Airport (DEL / VIDP),28.5655,77.0996
407a3f,G-GBNI,イギリス,2026-08-08 08:09:00,Ibiza Airport (IBZ / LEIB),39.2915,1.7698
0ac3a8,FAC0001,コロンビア,2026-08-08 08:09:00,Ernesto Cortissoz International Airport (BAQ / SKBQ),10.6853,-74.9193
800c01,K7066,インド,2026-08-08 08:09:00,Agra Airport / Agra Air Force Station (AGR / VIAG),26.9816,78.3097
48d981,0112,ポーランド,2026-08-08 08:57:55,Warsaw Modlin Airport (WMI / EPMO),52.5708,20.7264
48d960,0001,ポーランド,2026-08-08 08:57:55,Warsaw Modlin Airport (WMI / EPMO),52.762,20.6519
407a3f,G-GBNI,イギリス,2026-08-08 09:46:19,Ibiza Airport (IBZ / LEIB),38.8741,1.3678
48d960,0001,ポーランド,2026-08-08 09:46:19,Olsztyn-Mazury Airport (SZY / EPSY),53.3032,21.3397
407a3f,G-GBNI,イギリス,2026-08-08 10:13:28,Reus Airport (REU / LERS),41.2239,1.1771
0200cc,CN-MVI,モロッコ,2026-08-08 10:13:28,Cherif Al Idrissi Airport (AHU / GMTA),35.4306,-4.4562
48d981,0112,ポーランド,2026-08-08 10:13:28,Minsk Mazowiecki Military Air Base (--- / EPMM),52.2274,21.7609
48d960,0001,ポーランド,2026-08-08 10:13:28,Minsk Mazowiecki Military Air Base (--- / EPMM),52.1525,21.8563
407a3f,G-GBNI,イギリス,2026-08-08 10:52:20,Niort - Marais Poitevin Airport (NIT / LFBN),46.2931,-0.534
407a3f,G-GBNI,イギリス,2026-08-08 11:18:47,Cherbourg Manche airport (CER / LFRC),49.868,-0.9563
48d982,0111,ポーランド,2026-08-08 11:18:47,Tomaszów Mazowiecki Military Air Base (--- / EPTM),50.8608,20.1717
407a3f,G-GBNI,イギリス,2026-08-08 11:48:44,London Stansted Airport (STN / EGSS),51.9518,0.3352
e483ba,FAB2590,ブラジル,2026-08-08 11:48:44,Poços de Caldas - Embaixador Walther Moreira Salles Airport (POO / SBPC),-21.2048,-46.8498
800c01,K7066,インド,2026-08-08 11:48:44,Gwalior Airport (GWL / VIGR),26.6528,78.9571
e483ba,FAB2590,ブラジル,2026-08-08 12:17:18,Santos Nero Moura Air Base / Guarujá Airport (SSZ / SBST),-23.91,-46.591
800c01,K7066,インド,2026-08-08 12:17:18,Indira Gandhi International Airport (DEL / VIDP),28.4742,76.9469
354556,T.22-2,スペイン,2026-08-08 13:16:23,Salamanca Airport (SLM / LESA),40.5465,-6.0398
e400d9,FAB2101,ブラジル,2026-08-08 13:16:23,Congonhas–Deputado Freitas Nobre Airport (CGH / SBSP),-23.6232,-46.6609
407a3f,G-GBNI,イギリス,2026-08-08 14:00:36,Chièvres Air Base (--- / EBCV),50.5513,3.74
c2c363,330002,カナダ,2026-08-08 14:00:36,Calgary / Springbank Airport (--- / CYBW),51.5587,-114.8947
354556,T.22-2,スペイン,2026-08-08 14:00:36,Ibiza Airport (IBZ / LEIB),39.5404,1.527
800c01,K7066,インド,2026-08-08 14:00:36,Bareilly Air Force Station (BEK / VIBY),27.3735,79.4937
407a3f,G-GBNI,イギリス,2026-08-08 14:40:30,Sankt Gallen Altenrhein Airport (ACH / LSZR),47.2944,10.4124
50815f,UR-ABA,ウクライナ,2026-08-08 14:40:30,Belgrade Nikola Tesla Airport (BEG / LYBE),44.7291,21.213
3542c3,T.18-3,スペイン,2026-08-08 14:40:30,Monte Real Air Base (--- / LPMR),39.9932,-11.322
354556,T.22-2,スペイン,2026-08-08 14:40:30,Palma de Mallorca Airport (PMI / LEPA),39.6224,2.9047
407a3f,G-GBNI,イギリス,2026-08-08 15:03:29,Pula Airport (PUY / LDPL),45.0404,13.4972
c2c363,330002,カナダ,2026-08-08 15:03:29,Slave Lake Airport (YZH / CYZH),54.9598,-114.7171
50815f,UR-ABA,ウクライナ,2026-08-08 15:03:29,Brașov-Ghimbav International Airport (GHV / LRBV),45.9023,24.8495
3542c3,T.18-3,スペイン,2026-08-08 15:03:29,Aerodromo de Castelo Branco (--- / LPCB),39.8407,-7.0837
c2c363,330002,カナダ,2026-08-08 15:39:16,Prince Albert Glass Field (YPA / CYPA),53.9918,-106.0861
3542c3,T.18-3,スペイン,2026-08-08 15:39:16,Madrid–Torrejón Airport / Torrejón Air Base (TOJ / LETO),40.5174,-3.4204
354556,T.22-2,スペイン,2026-08-08 15:39:16,Palma de Mallorca Airport (PMI / LEPA),39.5349,2.6877
c2c363,330002,カナダ,2026-08-08 16:01:35,Swan River Airport (ZJN / CZJN),52.8119,-100.9878
354556,T.22-2,スペイン,2026-08-08 16:01:35,Valencia Airport (VLC / LEVC),39.7592,-0.5102
c2c363,330002,カナダ,2026-08-08 16:46:23,Sioux Lookout Airport (YXL / CYXL),50.3812,-91.211
800c01,K7066,インド,2026-08-08 16:46:23,Bareilly Air Force Station (BEK / VIBY),27.839,79.583
407a3f,G-GBNI,イギリス,2026-08-08 17:15:18,Zadar Airport (ZAD / LDZD),44.0778,15.426
e400d9,FAB2101,ブラジル,2026-08-08 17:15:18,Congonhas–Deputado Freitas Nobre Airport (CGH / SBSP),-23.6259,-46.657
800c01,K7066,インド,2026-08-08 17:15:18,Indira Gandhi International Airport (DEL / VIDP),28.6379,76.7782
407a3f,G-GBNI,イギリス,2026-08-08 17:48:41,Bolzano Airport (BZO / LIPB),46.7726,11.506
c2c363,330002,カナダ,2026-08-08 17:48:41,North Bay Jack Garland Airport (YYB / CYYB),46.715,-78.9658
50815f,UR-ABA,ウクライナ,2026-08-08 17:48:41,Maramureș International Airport (BAY / LRBM),47.5447,24.661
e400d9,FAB2101,ブラジル,2026-08-08 17:48:41,Mário de Almeida Franco Airport (UBA / SBUR),-20.4,-47.7821
407a3f,G-GBNI,イギリス,2026-08-08 18:15:47,Karlsruhe Baden-Baden Airport (FKB / EDSB),48.9178,8.0919
c2c363,330002,カナダ,2026-08-08 18:15:47,Ottawa / Gatineau Airport (YND / CYND),45.5549,-75.495
50815f,UR-ABA,ウクライナ,2026-08-08 18:15:47,Košice International Airport (KSC / LZKZ),49.1322,21.0728
407a3f,G-GBNI,イギリス,2026-08-08 19:02:19,Wattisham Airfield (--- / EGUW),51.9622,0.9721
e483ba,FAB2590,ブラジル,2026-08-08 19:38:19,Congonhas–Deputado Freitas Nobre Airport (CGH / SBSP),-23.6338,-46.6515
e483ba,FAB2590,ブラジル,2026-08-08 20:00:47,Campo Fontenelle (--- / SBYS),-22.3862,-47.4107
498421,3085,チェコ,2026-08-08 21:42:06,Prague–Kbely Air Base (--- / LKKB),50.1217,14.532
498421,3085,チェコ,2026-08-08 22:40:19,Náměšť Air Base (--- / LKNA),49.164,16.1751
498421,3085,チェコ,2026-08-08 23:03:53,Szolnok Air Base (--- / LHSN),47.5291,20.1483
498421,3085,チェコ,2026-08-08 23:39:11,Bucharest Henri Coandă International Airport (OTP / LROP),45.0674,25.9935
7cfa93,A62-001,オーストラリア,2026-08-09 00:01:35,Benalla Airport (BLN / YBLA),-36.8782,145.8927
498421,3085,チェコ,2026-08-09 00:01:35,Bucharest Henri Coandă International Airport (OTP / LROP),44.7924,26.5764
c87f00,NZ7571,ニュージーランド,2026-08-09 02:22:19,Kingaroy Airport (KGY / YKRY),-26.6943,151.5392
800c01,K7066,インド,2026-08-09 02:22:19,Indira Gandhi International Airport (DEL / VIDP),28.5642,76.7674
498421,3085,チェコ,2026-08-09 03:56:21,Rize–Artvin Airport (RZV / LTFO),41.2152,41.3231
c87f00,NZ7571,ニュージーランド,2026-08-09 05:03:44,RNZAF Base Auckland-Whenuapai (--- / NZWP),-36.779,174.6492
800c01,K7066,インド,2026-08-09 05:03:44,Indira Gandhi International Airport (DEL / VIDP),28.8692,76.9988
894082,A9C-HMH,バーレーン,2026-08-09 05:54:20,Bahrain International Airport (BAH / OBBI),26.3496,50.7496
407a3f,G-GBNI,イギリス,2026-08-09 06:43:31,Chièvres Air Base (--- / EBCV),50.4755,3.7758
498421,3085,チェコ,2026-08-09 06:43:31,Vodochody Airport (VOD / LKVO),50.1574,14.3606
800c01,K7066,インド,2026-08-09 06:43:31,Noida International Airport (DXN / IN-0392),28.0907,77.1535
407a3f,G-GBNI,イギリス,2026-08-09 07:41:05,Piacenza San Damiano Air Base (--- / LIMS),44.5256,9.8407
c87f00,NZ7571,ニュージーランド,2026-08-09 07:41:05,Wanganui Airport (WAG / NZWU),-39.9429,175.1347
70c0b7,A4O-HMS,オマーン,2026-08-09 07:41:05,Al Bateen Executive Airport (AZI / OMAD),24.4847,54.0906
70c0b7,A4O-HMS,オマーン,2026-08-09 08:24:04,Hamad International Airport (DOH / OTHH),25.2805,51.6157
c87f00,NZ7571,ニュージーランド,2026-08-09 09:09:51,Christchurch International Airport (CHC / NZCH),-43.1942,172.9113
800c01,K7066,インド,2026-08-09 09:09:51,Kishangarh Airport Ajmer (KQH / VIKG),27.0461,75.1471
70c0b7,A4O-HMS,オマーン,2026-08-09 10:29:04,Sir Bani Yas Airport (XSB / OMBY),24.8385,53.1377
407a3f,G-GBNI,イギリス,2026-08-09 11:03:44,Pisa International Airport (PSA / LIRP),43.5681,9.9104
800c01,K7066,インド,2026-08-09 11:03:44,Indira Gandhi International Airport (DEL / VIDP),28.1593,76.9192
407a3f,G-GBNI,イギリス,2026-08-09 11:38:48,Dole Tavaux Airport (DLE / LFGJ),46.9603,5.9012
341391,T.18-2,スペイン,2026-08-09 11:38:48,Madrid–Torrejón Airport / Torrejón Air Base (TOJ / LETO),40.2909,-2.6855
407a3f,G-GBNI,イギリス,2026-08-09 12:01:34,Charles de Gaulle International Airport (CDG / LFPG),48.9594,2.9549
341391,T.18-2,スペイン,2026-08-09 12:01:34,Ibiza Airport (IBZ / LEIB),39.3519,0.8456
510055,EW-301PJ,ベラルーシ,2026-08-09 12:01:34,Lachin International Airport (LHL / UBLC),40.1346,45.6853
510055,EW-301PJ,ベラルーシ,2026-08-09 13:57:17,Afyon Air Base (AFY / LTAH),38.8592,30.2838
341391,T.18-2,スペイン,2026-08-09 14:36:05,Madrid–Torrejón Airport / Torrejón Air Base (TOJ / LETO),40.3594,-2.3569
510055,EW-301PJ,ベラルーシ,2026-08-09 14:36:05,Milas Bodrum International Airport (BJV / LTFE),37.2149,27.8162
800c01,K7066,インド,2026-08-09 14:36:05,Jaipur International Airport (JAI / VIJP),26.5157,76.8385
407a3f,G-GBNI,イギリス,2026-08-09 15:04:51,Brussels South Charleroi Airport (CRL / EBCI),50.4901,4.3244
0200cc,CN-MVI,モロッコ,2026-08-09 15:04:51,Sania Ramel Airport (TTU / GMTN),35.1556,-5.6145
407a3f,G-GBNI,イギリス,2026-08-09 15:42:17,Memmingen Allgau Airport (FMM / EDJA),47.6679,10.0864
0200cc,CN-MVI,モロッコ,2026-08-09 15:42:17,Rabat-Salé Airport (RBA / GMME),34.0882,-6.7245
407a3f,G-GBNI,イギリス,2026-08-09 16:04:51,Venice Marco Polo Airport (VCE / LIPZ),45.318,12.4842
407a3f,G-GBNI,イギリス,2026-08-09 16:49:56,Brindisi Airport (BDS / LIBR),40.575,17.7328
0ac3a8,FAC0001,コロンビア,2026-08-09 16:49:56,Ernesto Cortissoz International Airport (BAQ / SKBQ),10.8626,-74.6557
48d982,0111,ポーランド,2026-08-09 16:49:56,Gdańsk Lech Wałęsa Airport (GDN / EPGD),54.0249,18.3255
407a3f,G-GBNI,イギリス,2026-08-09 17:18:15,Zakynthos International Airport Dionysios Solomos (ZTH / LGZA),37.7184,20.3961
0ac3a8,FAC0001,コロンビア,2026-08-09 17:18:15,El Bagre Airport (EBG / SKEB),7.5037,-74.8047
800c01,K7066,インド,2026-08-09 17:18:15,Agra Airport / Agra Air Force Station (AGR / VIAG),26.7953,77.1822
48d982,0111,ポーランド,2026-08-09 17:52:06,Warsaw Modlin Airport (WMI / EPMO),52.5821,20.0323
800c01,K7066,インド,2026-08-09 17:52:06,Indira Gandhi International Airport (DEL / VIDP),28.7396,76.5336
407a3f,G-GBNI,イギリス,2026-08-09 19:46:39,Tirana International Airport Mother Teresa (TIA / LATI),41.6644,19.3398
407a3f,G-GBNI,イギリス,2026-08-09 20:13:21,Banja Luka International Airport (BNX / LQBK),44.3801,16.7281
407a3f,G-GBNI,イギリス,2026-08-09 20:53:16,Munich Airport (MUC / EDDM),47.9804,12.2822
407a3f,G-GBNI,イギリス,2026-08-09 21:21:55,Mainz-Finthen Airfield (--- / EDFZ),49.7749,8.0487
407a3f,G-GBNI,イギリス,2026-08-09 21:55:10,Ostend-Bruges International Airport (OST / EBOS),51.6395,2.6379
0ac3a8,FAC0001,コロンビア,2026-08-09 22:59:33,Enrique Olaya Herrera Airport (EOH / SKMD),6.4083,-75.5121
0ac3a8,FAC0001,コロンビア,2026-08-09 23:38:49,Ernesto Cortissoz International Airport (BAQ / SKBQ),10.7203,-74.9108
43c6f5,ZZ336,イギリス,2026-08-10 00:03:32,Sunshine Coast Airport (MCY / YBSU),-26.9229,154.5232
c87f01,NZ7572,ニュージーランド,2026-08-10 02:28:50,Christchurch International Airport (CHC / NZCH),-43.4305,172.4468
8953c7,V8-MHB,ブルネイ,2026-08-10 02:28:50,Brunei International Airport (BWN / WBSB),5.5654,113.9292
800c01,K7066,インド,2026-08-10 02:28:50,Indira Gandhi International Airport (DEL / VIDP),28.5696,77.1439
477ff7,074,ハンガリー,2026-08-10 04:14:33,Nuremberg Airport (NUE / EDDN),49.1216,11.0821
885336,HS-TYV,タイ王国,2026-08-10 06:58:21,Kamphaeng Saen Airport (KDT / VTBK),14.1657,100.3072
0200cc,CN-MVI,モロッコ,2026-08-10 06:58:21,Alicante-Elche Miguel Hernández Airport (ALC / LEAL),38.5331,0.2471
510055,EW-301PJ,ベラルーシ,2026-08-10 06:58:21,Ganja International Airport (GNJ / UBBG),40.5401,46.3228
c87f01,NZ7572,ニュージーランド,2026-08-10 06:58:21,Palmerston North Airport (PMR / NZPM),-40.2359,175.6708
33fff9,MM62174,イタリア,2026-08-10 06:58:21,Rome–Fiumicino Leonardo da Vinci International Airport (FCO / LIRF),41.885,11.6962
0200cc,CN-MVI,モロッコ,2026-08-10 08:42:24,Olbia Costa Smeralda Airport (OLB / LIEO),40.8963,9.5035
48d960,0001,ポーランド,2026-08-10 08:42:24,Rothenburg/Görlitz Airfield (--- / EDBR),51.7637,15.1495
510055,EW-301PJ,ベラルーシ,2026-08-10 08:42:24,Aktau International Airport (SCO / UATE),43.2156,50.505
c87f01,NZ7572,ニュージーランド,2026-08-10 08:42:24,RNZAF Base Auckland-Whenuapai (--- / NZWP),-36.716,174.7527
477ff5,605,ハンガリー,2026-08-10 08:42:24,Brașov-Ghimbav International Airport (GHV / LRBV),45.4885,25.6585
4b7f4c,T-785,スイス,2026-08-10 08:42:24,Bodensee Airport Friedrichshafen (FDH / EDNY),47.6205,9.3798
33fff9,MM62174,イタリア,2026-08-10 08:42:24,Viterbo Airport (--- / LIRV),42.6847,12.4027
0200cc,CN-MVI,モロッコ,2026-08-10 10:02:25,Ioannina King Pyrrhus National Airport (IOA / LGIO),39.6013,20.5302
3542c5,T.18-5,スペイン,2026-08-10 10:02:25,Madrid–Torrejón Airport / Torrejón Air Base (TOJ / LETO),40.5179,-3.4197
4b7f4c,T-785,スイス,2026-08-10 10:02:25,Emmen Air Base (EML / LSME),47.2063,7.9014
48d981,0112,ポーランド,2026-08-10 11:16:52,Rzeszów-Jasionka Airport (RZE / EPRZ),50.107,22.227
48d960,0001,ポーランド,2026-08-10 11:16:52,Zielona Góra-Babimost Airport (IEG / EPZG),52.3145,14.8454
0200cc,CN-MVI,モロッコ,2026-08-10 12:03:20,Crotone Sant'Anna Pythagoras Airport (CRV / LIBC),39.3466,18.1033
48d981,0112,ポーランド,2026-08-10 12:03:20,Kraków John Paul II International Airport (KRK / EPKK),50.1956,20.4378
33fff9,MM62174,イタリア,2026-08-10 12:03:20,Foggia Gino Lisa Airport (FOG / LIBF),41.0891,15.937
0200cc,CN-MVI,モロッコ,2026-08-10 13:36:55,Menorca Airport (MAH / LEMH),39.2521,3.8453
33fff9,MM62174,イタリア,2026-08-10 13:36:55,Latina Air Base (--- / LIRL),41.7876,13.1785
800c01,K7066,インド,2026-08-10 13:36:55,Noida International Airport (DXN / IN-0392),28.3292,77.611
0ac3a8,FAC0001,コロンビア,2026-08-10 14:41:25,El Bagre Airport (EBG / SKEB),7.7435,-74.7808
0200cc,CN-MVI,モロッコ,2026-08-10 14:41:25,Málaga-Costa del Sol Airport (AGP / LEMG),36.1082,-4.3484
43c6f9,ZZ336,イギリス,2026-08-10 14:41:25,Glasgow Prestwick Airport (PIK / EGPK),55.1013,-4.5188
43c6f9,ZZ336,イギリス,2026-08-10 15:38:18,Norwich Airport (NWI / EGSH),53.2926,1.1539
e80648,985,チリ,2026-08-10 16:29:44,La Independencia Airport (--- / SCRG),-33.8403,-70.9686
43c6f9,ZZ336,イギリス,2026-08-10 16:29:44,Norwich Airport (NWI / EGSH),53.4386,1.0212
800c01,K7066,インド,2026-08-10 16:29:44,Noida International Airport (DXN / IN-0392),28.5472,77.9288
43c6f9,ZZ336,イギリス,2026-08-10 17:29:20,Carlisle Lake District Airport (CAX / EGNC),54.995,-3.4668
407a3f,G-GBNI,イギリス,2026-08-10 18:25:41,Manchester Airport (MAN / EGCC),53.3624,-2.2792
04c030,KAF308,ケニア,2026-08-10 18:25:41,Mengen-Hohentengen Airfield (--- / EDTM),48.2139,9.3733
683087,UP-C8502,カザフスタン,2026-08-10 18:25:41,Ağrı Airport (AJI / LTCO),40.0786,42.9679
0ac3a8,FAC0001,コロンビア,2026-08-10 19:29:42,El Dorado International Airport (BOG / SKBO),4.6218,-74.1925
04c030,KAF308,ケニア,2026-08-10 19:29:42,Brač Airport (BWK / LDSB),42.9613,17.2528
04c030,KAF308,ケニア,2026-08-10 20:10:23,Nea Anchialos National Airport (VOL / LGBL),39.5653,22.1315
683087,UP-C8502,カザフスタン,2026-08-10 20:10:23,Antalya International Airport (AYT / LTAI),36.6512,30.8814
04c030,KAF308,ケニア,2026-08-10 21:01:24,Karpathos Airport (AOK / LGKP),34.9517,27.4633
8a0855,PK-PJJ,インドネシア,2026-08-11 00:37:19,Halim Perdanakusuma International Airport (HLP / WIHH),-6.3454,106.8318
600be9,4K-AI001,アゼルバイジャン,2026-08-11 00:37:19,Alexander Kartveli Batumi International Airport (BUS / UGSB),41.0135,41.711
800c01,K7066,インド,2026-08-11 00:37:19,Indira Gandhi International Airport (DEL / VIDP),28.5668,77.1129
600be9,4K-AI001,アゼルバイジャン,2026-08-11 02:50:08,Kuçovë Air Base (--- / LAKV),41.1069,19.9589
800c01,K7066,インド,2026-08-11 02:50:08,Gelephu Airport (GLU / VQGP),26.5218,90.9499
7cf9c9,A39-007,オーストラリア,2026-08-11 04:08:04,Brisbane International Airport (BNE / YBBN),-27.39,153.1219
7cf9c9,A39-007,オーストラリア,2026-08-11 05:20:06,Kingaroy Airport (KGY / YKRY),-26.2653,151.824
600be9,4K-AI001,アゼルバイジャン,2026-08-11 06:10:27,Brindisi Airport (BDS / LIBR),40.6181,18.6842
70c0ba,A4O-AJ,オマーン,2026-08-11 06:10:27,Al Udeid Air Base (XJD / OTBH),22.5512,50.2377
800c01,K7066,インド,2026-08-11 06:10:27,Bareilly Air Force Station (BEK / VIBY),27.7125,79.6255
407a3f,G-GBNI,イギリス,2026-08-11 07:36:24,Cognac-Châteaubernard (BA 709) Air Base (CNG / LFBG),45.791,-0.3069
894014,A9C-HMK,バーレーン,2026-08-11 07:36:24,Sheik Isa Air Base (--- / OBBS),25.8057,50.6415
4b7f43,T-752,スイス,2026-08-11 07:36:24,Dübendorf Air Base (--- / LSMD),47.4023,8.6416
33ffc1,MM62209,イタリア,2026-08-11 07:36:24,Bologna Guglielmo Marconi Airport (BLQ / LIPE),44.5006,11.3299
800c3d,K7067,インド,2026-08-11 07:36:24,Indira Gandhi International Airport (DEL / VIDP),28.5689,77.0917
407a3f,G-GBNI,イギリス,2026-08-11 08:34:18,Ibiza Airport (IBZ / LEIB),38.9713,1.4542
70c0ba,A4O-AJ,オマーン,2026-08-11 08:34:18,Capital International Airport (CCE / HECP),29.8219,31.8089
4b7f43,T-752,スイス,2026-08-11 08:34:18,Leipzig/Halle Airport (LEJ / EDDP),51.4399,12.5781
33ffc1,MM62209,イタリア,2026-08-11 08:34:18,Bologna Guglielmo Marconi Airport (BLQ / LIPE),44.2015,11.0212
800c01,K7066,インド,2026-08-11 08:34:18,Noida International Airport (DXN / IN-0392),28.2704,77.9727
48d982,0111,ポーランド,2026-08-11 09:36:16,Leźnica Wielka Air Base (--- / EPLY),52.0711,18.6208
70c0ba,A4O-AJ,オマーン,2026-08-11 09:36:16,Heraklion International Nikos Kazantzakis Airport (HER / LGIR),35.6577,25.2425
4b7f43,T-752,スイス,2026-08-11 09:36:16,Siegerland Airport (SGE / EDGS),50.9487,8.2253
407a3f,G-GBNI,イギリス,2026-08-11 10:29:55,Pirineus - la Seu d'Urgel Airport (LEU / LESU),42.3245,1.0144
341390,T.18-1,スペイン,2026-08-11 10:29:55,Madrid–Torrejón Airport / Torrejón Air Base (TOJ / LETO),40.5309,-3.4036
48d982,0111,ポーランド,2026-08-11 10:29:55,Kraków John Paul II International Airport (KRK / EPKK),50.0949,19.9076
70c0ba,A4O-AJ,オマーン,2026-08-11 10:29:55,Corfu Ioannis Kapodistrias International Airport (CFU / LGKR),39.9849,19.0783
800c01,K7066,インド,2026-08-11 10:29:55,Agartala - Maharaja Bir Bikram Airport (IXA / VEAT),23.6043,91.3461
800c3d,K7067,インド,2026-08-11 10:29:55,Indira Gandhi International Airport (DEL / VIDP),28.4675,76.9651
407a3f,G-GBNI,イギリス,2026-08-11 11:23:51,Granville Airport (GFR / LFRF),48.7551,-1.1198
70c0ba,A4O-AJ,オマーン,2026-08-11 11:23:51,Federico Fellini International Airport (RMI / LIPR),43.6257,12.0997
48ad06,SP-LIG,ポーランド,2026-08-11 11:23:51,Warsaw Radom Airport (RDO / EPRA),50.896,20.6524
010230,SU-EGY,エジプト,2026-08-11 11:23:51,El Alamein International Airport (DBB / HEAL),30.8924,28.5009
407a3f,G-GBNI,イギリス,2026-08-11 12:06:16,Manchester Airport (MAN / EGCC),53.4489,-1.9509
70c0ba,A4O-AJ,オマーン,2026-08-11 12:06:16,Annemasse Airfield (--- / LFLI),46.0882,6.1458
4b7f43,T-752,スイス,2026-08-11 12:06:16,Siegerland Airport (SGE / EDGS),50.6254,8.2467
45f424,C-168,デンマーク,2026-08-11 12:06:16,Stauning Vestjylland  Airport (STA / EKVJ),55.6309,4.7694
010230,SU-EGY,エジプト,2026-08-11 12:06:16,Sphinx International Airport (SPX / HESX),29.6045,30.1362
800c01,K7066,インド,2026-08-11 12:06:16,Dhanbad Airport (DBD / VEDB),25.0473,87.1051
48d960,0001,ポーランド,2026-08-11 13:37:04,Malbork Królewo Air Base (--- / EPMB),53.4645,19.1921
4b7f43,T-752,スイス,2026-08-11 13:37:04,Frankfurt Main Airport (FRA / EDDF),50.3064,9.1208
45f424,C-168,デンマーク,2026-08-11 13:37:04,Wattisham Airfield (--- / EGUW),52.1678,0.8688
468111,273,ギリシャ,2026-08-11 13:37:04,Zakynthos International Airport Dionysios Solomos (ZTH / LGZA),37.4833,21.3004
800c01,K7066,インド,2026-08-11 13:37:04,Indira Gandhi International Airport (DEL / VIDP),28.5635,77.1013
407a3f,G-GBNI,イギリス,2026-08-11 14:41:05,RAF Northolt (NHT / EGWU),51.5044,-0.2065
600be9,4K-AI001,アゼルバイジャン,2026-08-11 14:41:05,Ganja International Airport (GNJ / UBBG),40.8543,46.9123
45f424,C-168,デンマーク,2026-08-11 14:41:05,Aalborg Airport (AAL / EKYT),56.9782,9.5358
683087,UP-C8502,カザフスタン,2026-08-11 14:41:05,Aktau International Airport (SCO / UATE),44.4174,50.5216
800c01,K7066,インド,2026-08-11 14:41:05,Indira Gandhi International Airport (DEL / VIDP),28.5673,77.1142
407a3f,G-GBNI,イギリス,2026-08-11 15:38:47,Dübendorf Air Base (--- / LSMD),47.1423,8.6762
407a3f,G-GBNI,イギリス,2026-08-11 16:34:17,Amendola Air Base (--- / LIBA),41.9819,15.8271
510055,EW-301PJ,ベラルーシ,2026-08-11 16:34:17,Milas Bodrum International Airport (BJV / LTFE),37.215,27.8165
407a3f,G-GBNI,イギリス,2026-08-11 17:34:21,Zakynthos International Airport Dionysios Solomos (ZTH / LGZA),37.7143,20.8984
